timestamp,sync_pin,tvec_12_x,tvec_12_y,tvec_12_z,tvec_14_x,tvec_14_y,tvec_14_z,tvec_20_x,tvec_20_y,tvec_20_z,rvec_12_x,rvec_12_y,rvec_12_z,rvec_14_x,rvec_14_y,rvec_14_z,rvec_20_x,rvec_20_y,rvec_20_z
2026-04-17 17:06:18.731252,0,0.199958,-0.052699,0.562841,0.409074,-0.049044,0.594006,nan,nan,nan,2.607897,0.027293,-1.748724,-3.062034,-0.019164,-0.663892,nan,nan,nan
2026-04-17 17:06:18.771563,0,0.19975,-0.052693,0.562292,0.409411,-0.0491,0.594416,nan,nan,nan,2.605092,0.027542,-1.745445,-3.063767,-0.015536,-0.662858,nan,nan,nan
2026-04-17 17:06:18.812155,0,0.200293,-0.052821,0.563784,0.409315,-0.049052,0.594309,nan,nan,nan,2.604151,0.025435,-1.741491,-3.06367,-0.020078,-0.664453,nan,nan,nan
2026-04-17 17:06:18.844342,0,0.199933,-0.052741,0.562745,0.409191,-0.049076,0.594145,nan,nan,nan,2.602423,0.026165,-1.744645,-3.065465,-0.021135,-0.666003,nan,nan,nan
2026-04-17 17:06:18.878285,0,0.200039,-0.05271,0.56313,0.408947,-0.049029,0.593775,nan,nan,nan,2.60818,0.027185,-1.745809,-3.065495,-0.01843,-0.662958,nan,nan,nan
2026-04-17 17:06:18.905398,0,0.199901,-0.052688,0.562684,nan,nan,nan,nan,nan,nan,2.60691,0.028704,-1.746485,nan,nan,nan,nan,nan,nan
2026-04-17 17:06:18.928027,0,0.199792,-0.052645,0.56241,0.408809,-0.049018,0.593587,nan,nan,nan,2.606023,0.02713,-1.747675,-3.067873,-0.017948,-0.661771,nan,nan,nan
2026-04-17 17:06:18.948828,0,0.199708,-0.052635,0.562142,0.408888,-0.049024,0.593698,nan,nan,nan,2.60658,0.027286,-1.750045,-3.066263,-0.018139,-0.662619,nan,nan,nan
2026-04-17 17:06:18.973288,0,0.19984,-0.052674,0.562512,0.408871,-0.049047,0.593674,nan,nan,nan,2.602996,0.027889,-1.746464,3.070152,0.020012,0.662331,nan,nan,nan
2026-04-17 17:06:18.993458,0,0.199874,-0.05268,0.562579,0.408998,-0.049031,0.593829,nan,nan,nan,2.604229,0.026832,-1.746198,-3.064876,-0.018442,-0.66343,nan,nan,nan
2026-04-17 17:06:19.015185,0,0.199876,-0.052682,0.562645,0.409058,-0.049032,0.593871,nan,nan,nan,2.604757,0.026323,-1.746181,-3.064668,-0.018488,-0.663938,nan,nan,nan
2026-04-17 17:06:19.035558,0,0.19992,-0.052686,0.562646,0.408499,-0.048998,0.593119,nan,nan,nan,2.604248,0.025905,-1.74824,-3.06751,-0.018146,-0.664598,nan,nan,nan
2026-04-17 17:06:19.058517,0,0.200027,-0.052732,0.563008,0.408297,-0.048985,0.592872,nan,nan,nan,2.606217,0.026796,-1.746254,-3.070473,-0.01775,-0.662239,nan,nan,nan
2026-04-17 17:06:19.079551,0,0.19989,-0.052683,0.562625,0.408341,-0.048985,0.592904,nan,nan,nan,2.604704,0.026296,-1.746406,-3.070094,-0.017585,-0.663501,nan,nan,nan
2026-04-17 17:06:19.104030,0,0.199954,-0.052722,0.562892,0.408852,-0.049043,0.593631,nan,nan,nan,2.605123,0.028597,-1.744543,3.069677,0.019907,0.661586,nan,nan,nan
2026-04-17 17:06:19.127212,0,0.200026,-0.052734,0.563035,0.409001,-0.04906,0.593883,nan,nan,nan,2.606835,0.026554,-1.745504,-3.069216,-0.020819,-0.662377,nan,nan,nan
2026-04-17 17:06:19.147398,0,0.200009,-0.052729,0.562956,0.408666,-0.049007,0.593393,nan,nan,nan,2.605682,0.027398,-1.746021,-3.069592,-0.017038,-0.663334,nan,nan,nan
2026-04-17 17:06:19.167402,0,0.200208,-0.052809,0.563485,0.408793,-0.049017,0.593564,nan,nan,nan,2.603564,0.025383,-1.744236,-3.06813,-0.017849,-0.661883,nan,nan,nan
2026-04-17 17:06:19.186586,0,0.200009,-0.052729,0.562956,0.408836,-0.049019,0.59361,nan,nan,nan,2.605682,0.027398,-1.746021,-3.067282,-0.017683,-0.663745,nan,nan,nan
2026-04-17 17:06:19.206992,0,0.200094,-0.052767,0.563197,0.408752,-0.049013,0.593502,nan,nan,nan,2.604519,0.026647,-1.74457,-3.068437,-0.017361,-0.663538,nan,nan,nan
2026-04-17 17:06:19.228019,0,0.200069,-0.052764,0.563186,0.408503,-0.048998,0.593123,nan,nan,nan,2.605088,0.026903,-1.742787,-3.067727,-0.018323,-0.6632,nan,nan,nan
2026-04-17 17:06:19.247117,0,0.200113,-0.052771,0.563249,0.409239,-0.049046,0.594199,nan,nan,nan,2.605054,0.026044,-1.744802,-3.066151,-0.020478,-0.659458,nan,nan,nan
2026-04-17 17:06:19.281177,0,0.200009,-0.052729,0.562956,0.409157,-0.049037,0.594062,nan,nan,nan,2.605682,0.027398,-1.746021,-3.066969,-0.019346,-0.66355,nan,nan,nan
2026-04-17 17:06:19.312435,0,0.200027,-0.052736,0.563091,0.409004,-0.049049,0.59386,nan,nan,nan,2.606395,0.026526,-1.746887,-3.067079,-0.016543,-0.661901,nan,nan,nan
2026-04-17 17:06:19.347396,0,0.200046,-0.052758,0.563123,0.409843,-0.049111,0.595041,nan,nan,nan,2.602542,0.024871,-1.743359,-3.067041,-0.020488,-0.661284,nan,nan,nan
2026-04-17 17:06:19.382996,0,0.199912,-0.05272,0.562743,0.409886,-0.049201,0.595117,nan,nan,nan,2.607018,0.027397,-1.747468,-3.06706,-0.015493,-0.658992,nan,nan,nan
2026-04-17 17:06:19.414592,0,0.199846,-0.052707,0.562552,0.409513,-0.049107,0.594548,nan,nan,nan,2.604012,0.029854,-1.747992,-3.062248,-0.016241,-0.662925,nan,nan,nan
2026-04-17 17:06:19.454986,0,0.199948,-0.052747,0.562846,0.409108,-0.049038,0.593956,nan,nan,nan,2.60342,0.025491,-1.744848,-3.063761,-0.018903,-0.662865,nan,nan,nan
2026-04-17 17:06:19.499971,0,0.199896,-0.052685,0.56267,0.408702,-0.049012,0.593383,nan,nan,nan,2.604677,0.025961,-1.747163,-3.065256,-0.019395,-0.662028,nan,nan,nan
2026-04-17 17:06:19.542609,0,0.199931,-0.052713,0.562772,0.408547,-0.049004,0.593207,nan,nan,nan,2.602962,0.026642,-1.743702,-3.066588,-0.018695,-0.663475,nan,nan,nan
2026-04-17 17:06:19.579227,0,0.1999,-0.052686,0.562682,0.408473,-0.048997,0.593098,nan,nan,nan,2.604796,0.025826,-1.747214,-3.068074,-0.018434,-0.662616,nan,nan,nan
2026-04-17 17:06:19.613967,0,0.199961,-0.05272,0.562882,0.409269,-0.049074,0.594258,nan,nan,nan,2.603597,0.025571,-1.744742,-3.07036,-0.0226,-0.659782,nan,nan,nan
2026-04-17 17:06:19.647695,0,0.199899,-0.052687,0.562709,0.40884,-0.049024,0.593667,nan,nan,nan,2.605409,0.025587,-1.746465,-3.066736,-0.018393,-0.661352,nan,nan,nan
2026-04-17 17:06:19.674356,0,0.199803,-0.052703,0.562436,0.40884,-0.049021,0.593634,nan,nan,nan,2.605755,0.025972,-1.747521,-3.067687,-0.018395,-0.660164,nan,nan,nan
2026-04-17 17:06:19.703244,0,0.19977,-0.052665,0.562316,0.408954,-0.049028,0.593768,nan,nan,nan,2.60299,0.025195,-1.74704,-3.06587,-0.018472,-0.662315,nan,nan,nan
2026-04-17 17:06:19.750071,0,0.199985,-0.052725,0.56292,0.408866,-0.049023,0.593671,nan,nan,nan,2.605642,0.027896,-1.744984,-3.066649,-0.018109,-0.662748,nan,nan,nan
2026-04-17 17:06:19.783458,0,0.200071,-0.052765,0.563193,0.40889,-0.049025,0.593707,nan,nan,nan,2.605201,0.026953,-1.742842,-3.066263,-0.018269,-0.66258,nan,nan,nan
2026-04-17 17:06:19.829180,0,0.199954,-0.05272,0.562861,0.409083,-0.049066,0.593987,nan,nan,nan,2.604467,0.028887,-1.745273,-3.068103,-0.021114,-0.662602,nan,nan,nan
2026-04-17 17:06:19.865179,0,0.199984,-0.052726,0.562948,0.408873,-0.049021,0.593649,nan,nan,nan,2.606256,0.027654,-1.744235,-3.067484,-0.018153,-0.661511,nan,nan,nan
2026-04-17 17:06:19.895418,0,0.199954,-0.05272,0.562861,0.409104,-0.049034,0.593999,nan,nan,nan,2.604467,0.028887,-1.745273,-3.068275,-0.019588,-0.660395,nan,nan,nan
2026-04-17 17:06:19.925369,0,0.199862,-0.052707,0.562546,nan,nan,nan,nan,nan,nan,2.604098,0.026875,-1.746322,nan,nan,nan,nan,nan,nan
2026-04-17 17:06:19.955751,0,0.19982,-0.05268,0.562456,0.408819,-0.049023,0.593646,nan,nan,nan,2.608205,0.028487,-1.748158,-3.06681,-0.018339,-0.660726,nan,nan,nan
2026-04-17 17:06:19.989104,0,0.199655,-0.052626,0.562022,0.409142,-0.049089,0.594155,nan,nan,nan,2.605561,0.028925,-1.74861,-3.06824,-0.023821,-0.66006,nan,nan,nan
2026-04-17 17:06:20.018073,0,0.199905,-0.052742,0.562778,0.409057,-0.049078,0.594,nan,nan,nan,2.603421,0.029356,-1.744766,-3.070453,-0.023365,-0.659418,nan,nan,nan
2026-04-17 17:06:20.047724,0,0.199909,-0.052738,0.562765,0.408675,-0.049011,0.59344,nan,nan,nan,2.602259,0.027261,-1.742989,-3.06893,-0.020154,-0.660098,nan,nan,nan
2026-04-17 17:06:20.076406,0,0.199688,-0.052634,0.562146,0.408557,-0.049008,0.593268,nan,nan,nan,2.607278,0.027407,-1.748318,-3.065943,-0.019311,-0.661083,nan,nan,nan
2026-04-17 17:06:20.106212,0,0.199736,-0.052665,0.562303,0.40871,-0.049016,0.593509,nan,nan,nan,2.60374,0.02804,-1.74844,-3.067621,-0.020193,-0.661831,nan,nan,nan
2026-04-17 17:06:20.133414,0,0.199712,-0.052662,0.562267,0.408538,-0.049001,0.593178,nan,nan,nan,2.603701,0.028536,-1.74741,-3.067203,-0.018634,-0.662946,nan,nan,nan
2026-04-17 17:06:20.155469,0,0.200162,-0.052781,0.56338,nan,nan,nan,nan,nan,nan,2.606239,0.025669,-1.747263,nan,nan,nan,nan,nan,nan
2026-04-17 17:06:20.179427,0,0.199901,-0.052715,0.562677,0.40861,-0.049016,0.593379,nan,nan,nan,2.603903,0.025403,-1.748805,-3.064712,-0.016986,-0.662156,nan,nan,nan
2026-04-17 17:06:20.199882,0,0.199629,-0.052647,0.561948,0.408674,-0.049011,0.593437,nan,nan,nan,2.603106,0.026797,-1.747204,-3.069158,-0.017504,-0.661717,nan,nan,nan
2026-04-17 17:06:20.220059,0,0.200169,-0.052831,0.563464,0.409059,-0.049081,0.594036,nan,nan,nan,2.602005,0.023289,-1.741999,-3.069526,-0.023357,-0.660614,nan,nan,nan
2026-04-17 17:06:20.242676,0,0.199875,-0.052684,0.562673,0.408645,-0.049055,0.593359,nan,nan,nan,2.60537,0.026084,-1.74543,-3.065553,-0.014171,-0.662327,nan,nan,nan
2026-04-17 17:06:20.263486,0,0.199743,-0.052664,0.562275,0.408575,-0.049012,0.593321,nan,nan,nan,2.605388,0.027675,-1.74577,-3.06594,-0.014777,-0.661209,nan,nan,nan
2026-04-17 17:06:20.286278,0,0.199876,-0.052685,0.562706,0.408568,-0.049047,0.59333,nan,nan,nan,2.606043,0.025776,-1.744704,3.069895,0.022677,0.664266,nan,nan,nan
2026-04-17 17:06:20.307113,0,0.199714,-0.05266,0.562219,0.408597,-0.049046,0.593322,nan,nan,nan,2.604253,0.028616,-1.746077,-3.070484,-0.01448,-0.662266,nan,nan,nan
2026-04-17 17:06:20.328028,0,0.199747,-0.052668,0.562339,0.408724,-0.049058,0.59351,nan,nan,nan,2.605101,0.027648,-1.747233,-3.06856,-0.015297,-0.661424,nan,nan,nan
2026-04-17 17:06:20.347551,0,0.199847,-0.052678,0.562597,0.408872,-0.049053,0.593739,nan,nan,nan,2.605415,0.026847,-1.743664,-3.069985,-0.020204,-0.663626,nan,nan,nan
2026-04-17 17:06:20.368193,0,0.199744,-0.052666,0.562307,nan,nan,nan,nan,nan,nan,2.60606,0.027368,-1.745047,nan,nan,nan,nan,nan,nan
2026-04-17 17:06:20.386159,0,0.199959,-0.052724,0.562934,0.408603,-0.049007,0.593365,nan,nan,nan,2.60598,0.028446,-1.743902,-3.069593,-0.01728,-0.661999,nan,nan,nan
2026-04-17 17:06:20.405230,0,0.19983,-0.052702,0.562577,nan,nan,nan,nan,nan,nan,2.603064,0.024392,-1.743094,nan,nan,nan,nan,nan,nan
2026-04-17 17:06:20.424557,0,0.199713,-0.052663,0.5623,0.408896,-0.049036,0.593828,nan,nan,nan,2.604373,0.028229,-1.746688,-3.064059,-0.019105,-0.661203,nan,nan,nan
2026-04-17 17:06:20.444203,0,0.199907,-0.052713,0.562791,nan,nan,nan,nan,nan,nan,2.603733,0.0274,-1.742938,nan,nan,nan,nan,nan,nan
2026-04-17 17:06:20.464588,0,0.199765,-0.05267,0.562359,0.409,-0.049076,0.593954,nan,nan,nan,2.604876,0.027095,-1.748137,-3.070727,-0.023294,-0.659548,nan,nan,nan
2026-04-17 17:06:20.484386,0,0.199852,-0.052708,0.562572,0.409073,-0.049073,0.594052,nan,nan,nan,2.605109,0.029406,-1.746653,-3.066918,-0.021625,-0.661554,nan,nan,nan
2026-04-17 17:06:20.512520,0,0.199992,-0.052729,0.562969,0.409131,-0.049088,0.594145,nan,nan,nan,2.606928,0.02797,-1.744657,-3.068443,-0.023839,-0.660053,nan,nan,nan
2026-04-17 17:06:20.533445,0,0.19999,-0.052751,0.563048,0.408703,-0.049064,0.593579,nan,nan,nan,2.601501,0.026878,-1.743637,-3.067935,-0.013354,-0.659898,nan,nan,nan
2026-04-17 17:06:20.553383,0,0.200056,-0.052739,0.563234,nan,nan,nan,nan,nan,nan,2.605988,0.029704,-1.743894,nan,nan,nan,nan,nan,nan
