timestamp,Fx,Fy
2026-06-15 18:45:24.718205,-0.198000,-0.062000
2026-06-15 18:45:24.737165,0.026000,0.146000
2026-06-15 18:45:24.766774,0.217000,0.120000
2026-06-15 18:45:24.770362,0.164000,0.084000
2026-06-15 18:45:24.778765,0.007000,-0.019000
2026-06-15 18:45:24.821485,-0.000000,0.009000
2026-06-15 18:45:24.826979,-0.156000,-0.290000
2026-06-15 18:45:24.834738,-0.185000,-0.066000
2026-06-15 18:45:24.838930,0.031000,0.125000
2026-06-15 18:45:24.839414,0.201000,0.128000
2026-06-15 18:45:24.844450,0.171000,0.092000
2026-06-15 18:45:24.850472,0.025000,-0.005000
2026-06-15 18:45:24.871306,-0.014000,-0.010000
2026-06-15 18:45:24.872229,-0.155000,-0.278000
2026-06-15 18:45:24.872514,-0.220000,-0.074000
2026-06-15 18:45:24.872862,-0.002000,0.117000
2026-06-15 18:45:24.873718,0.210000,0.119000
2026-06-15 18:45:24.874956,0.117000,0.084000
2026-06-15 18:45:24.875501,0.038000,-0.015000
2026-06-15 18:45:24.889466,-0.029000,-0.001000
2026-06-15 18:45:24.892273,-0.139000,-0.270000
2026-06-15 18:45:24.892469,-0.234000,-0.081000
2026-06-15 18:45:24.902906,0.023000,0.110000
2026-06-15 18:45:24.925402,0.191000,0.113000
2026-06-15 18:45:24.929726,0.142000,0.093000
2026-06-15 18:45:24.934924,0.027000,-0.006000
2026-06-15 18:45:24.936428,-0.013000,0.011000
2026-06-15 18:45:24.936737,-0.083000,-0.315000
2026-06-15 18:45:24.938243,-0.231000,-0.110000
2026-06-15 18:45:24.945223,0.037000,0.122000
2026-06-15 18:45:24.952930,0.193000,0.094000
2026-06-15 18:45:24.956505,0.161000,0.090000
2026-06-15 18:45:24.958142,0.019000,-0.013000
2026-06-15 18:45:24.958558,-0.007000,0.003000
2026-06-15 18:45:24.972267,-0.070000,-0.278000
2026-06-15 18:45:24.980179,-0.233000,-0.108000
2026-06-15 18:45:24.980831,0.002000,0.127000
2026-06-15 18:45:24.981283,0.207000,0.129000
2026-06-15 18:45:24.995239,0.156000,0.094000
2026-06-15 18:45:24.998320,0.024000,0.014000
2026-06-15 18:45:25.001541,0.021000,0.024000
2026-06-15 18:45:25.002300,-0.088000,-0.305000
2026-06-15 18:45:25.007258,-0.205000,-0.096000
2026-06-15 18:45:25.007723,0.010000,0.093000
2026-06-15 18:45:25.009626,0.212000,0.094000
2026-06-15 18:45:25.021875,0.137000,0.110000
2026-06-15 18:45:25.034279,-0.002000,-0.010000
2026-06-15 18:45:25.044798,-0.051000,-0.011000
2026-06-15 18:45:25.052091,-0.050000,-0.280000
2026-06-15 18:45:25.052751,-0.230000,-0.099000
2026-06-15 18:45:25.053265,-0.020000,0.106000
2026-06-15 18:45:25.053755,0.127000,0.042000
2026-06-15 18:45:25.054192,0.003000,-0.083000
2026-06-15 18:45:25.070963,-0.324000,-0.437000
2026-06-15 18:45:25.079201,-0.684000,-0.771000
2026-06-15 18:45:25.090896,-1.125000,-1.466000
2026-06-15 18:45:25.095352,-1.792000,-1.847000
2026-06-15 18:45:25.095582,-2.075000,-2.215000
2026-06-15 18:45:25.104203,-2.376000,-2.692000
2026-06-15 18:45:25.133285,-2.791000,-3.072000
2026-06-15 18:45:25.141567,-3.144000,-3.436000
2026-06-15 18:45:25.141732,-3.385000,-3.546000
2026-06-15 18:45:25.141843,-3.658000,-4.039000
2026-06-15 18:45:25.143416,-4.036000,-3.774000
2026-06-15 18:45:25.147674,-3.753000,-3.536000
2026-06-15 18:45:25.157051,-3.435000,-3.483000
2026-06-15 18:45:25.173241,-3.232000,-3.317000
2026-06-15 18:45:25.181088,-3.169000,-3.275000
2026-06-15 18:45:25.188958,-3.221000,-3.112000
2026-06-15 18:45:25.189810,-3.286000,-3.342000
2026-06-15 18:45:25.190885,-3.390000,-3.090000
2026-06-15 18:45:25.191072,-3.076000,-2.886000
2026-06-15 18:45:25.191245,-2.762000,-2.929000
2026-06-15 18:45:25.191426,-2.803000,-2.958000
2026-06-15 18:45:25.191638,-3.082000,-3.121000
2026-06-15 18:45:25.205104,-3.253000,-3.093000
2026-06-15 18:45:25.206167,-3.227000,-3.455000
2026-06-15 18:45:25.208508,-3.315000,-3.216000
2026-06-15 18:45:25.219960,-2.992000,-2.987000
2026-06-15 18:45:25.220534,-2.827000,-2.978000
2026-06-15 18:45:25.224633,-2.951000,-2.969000
2026-06-15 18:45:25.225154,-3.116000,-3.053000
2026-06-15 18:45:25.235015,-3.067000,-3.014000
2026-06-15 18:45:25.239071,-2.985000,-3.245000
2026-06-15 18:45:25.239263,-3.164000,-3.088000
2026-06-15 18:45:25.250110,-3.012000,-2.902000
2026-06-15 18:45:25.250534,-2.912000,-2.927000
2026-06-15 18:45:25.252688,-2.965000,-2.972000
2026-06-15 18:45:25.254539,-2.989000,-3.108000
2026-06-15 18:45:25.255783,-3.005000,-3.046000
2026-06-15 18:45:25.256491,-3.137000,-3.312000
2026-06-15 18:45:25.280799,-3.331000,-3.118000
2026-06-15 18:45:25.284374,-3.128000,-2.906000
2026-06-15 18:45:25.301880,-2.852000,-2.877000
2026-06-15 18:45:25.303510,-2.792000,-2.878000
2026-06-15 18:45:25.328337,-2.871000,-2.996000
2026-06-15 18:45:25.332173,-2.964000,-3.018000
2026-06-15 18:45:25.332367,-3.083000,-3.305000
2026-06-15 18:45:25.335441,-3.303000,-3.106000
2026-06-15 18:45:25.353582,-3.019000,-2.905000
2026-06-15 18:45:25.367416,-2.771000,-2.896000
2026-06-15 18:45:25.382040,-2.809000,-2.898000
2026-06-15 18:45:25.382419,-2.960000,-3.049000
2026-06-15 18:45:25.382600,-3.064000,-3.026000
2026-06-15 18:45:25.416386,-3.093000,-3.286000
2026-06-15 18:45:25.425962,-3.197000,-3.055000
2026-06-15 18:45:25.428334,-2.927000,-2.847000
2026-06-15 18:45:25.444755,-2.787000,-2.828000
2026-06-15 18:45:25.444967,-2.847000,-2.837000
2026-06-15 18:45:25.445105,-3.000000,-2.974000
2026-06-15 18:45:25.445245,-2.995000,-2.992000
2026-06-15 18:45:25.462795,-2.991000,-3.265000
2026-06-15 18:45:25.496314,-3.205000,-3.071000
2026-06-15 18:45:25.502654,-2.990000,-2.869000
2026-06-15 18:45:25.514618,-2.814000,-2.850000
2026-06-15 18:45:25.528791,-2.857000,-2.854000
2026-06-15 18:45:25.553479,-2.936000,-2.986000
2026-06-15 18:45:25.569925,-2.927000,-2.982000
2026-06-15 18:45:25.577417,-2.994000,-3.245000
2026-06-15 18:45:25.586723,-3.183000,-3.086000
2026-06-15 18:45:25.634611,-2.973000,-2.832000
2026-06-15 18:45:25.637845,-2.773000,-2.773000
2026-06-15 18:45:25.644292,-2.816000,-2.878000
2026-06-15 18:45:25.646913,-2.916000,-2.938000
2026-06-15 18:45:25.658832,-2.935000,-2.955000
2026-06-15 18:45:25.685937,-3.058000,-3.276000
2026-06-15 18:45:25.687791,-3.230000,-3.083000
2026-06-15 18:45:25.694206,-2.959000,-2.832000
2026-06-15 18:45:25.707572,-2.755000,-2.820000
2026-06-15 18:45:25.720632,-2.762000,-2.830000
2026-06-15 18:45:25.732962,-2.935000,-2.961000
2026-06-15 18:45:25.751737,-2.959000,-2.984000
2026-06-15 18:45:25.764832,-3.035000,-3.256000
2026-06-15 18:45:25.775908,-3.190000,-3.053000
2026-06-15 18:45:25.797945,-2.953000,-2.843000
2026-06-15 18:45:25.801882,-2.759000,-2.845000
2026-06-15 18:45:25.804556,-2.801000,-2.847000
2026-06-15 18:45:25.821964,-2.919000,-2.943000
2026-06-15 18:45:25.858958,-2.949000,-2.963000
2026-06-15 18:45:25.865947,-3.010000,-3.256000
2026-06-15 18:45:25.897531,-3.185000,-3.018000
2026-06-15 18:45:25.899263,-2.929000,-2.801000
2026-06-15 18:45:25.920992,-2.730000,-2.806000
2026-06-15 18:45:25.923757,-2.797000,-2.842000
2026-06-15 18:45:25.940090,-2.885000,-2.947000
2026-06-15 18:45:25.941430,-2.963000,-2.967000
2026-06-15 18:45:25.941886,-3.036000,-3.204000
2026-06-15 18:45:25.942995,-3.165000,-3.032000
2026-06-15 18:45:25.954397,-2.902000,-2.799000
2026-06-15 18:45:25.965723,-2.729000,-2.772000
2026-06-15 18:45:25.991104,-2.800000,-2.818000
2026-06-15 18:45:25.995079,-2.877000,-2.941000
2026-06-15 18:45:26.011756,-2.927000,-2.928000
2026-06-15 18:45:26.023344,-2.980000,-3.211000
2026-06-15 18:45:26.023580,-3.156000,-3.015000
2026-06-15 18:45:26.023729,-2.901000,-2.809000
2026-06-15 18:45:26.039638,-2.758000,-2.796000
2026-06-15 18:45:26.042141,-2.754000,-2.794000
2026-06-15 18:45:26.046983,-2.885000,-2.898000
2026-06-15 18:45:26.053468,-2.908000,-2.889000
2026-06-15 18:45:26.089339,-3.021000,-3.176000
2026-06-15 18:45:26.090126,-3.155000,-3.011000
2026-06-15 18:45:26.095821,-2.939000,-2.809000
2026-06-15 18:45:26.096266,-2.712000,-2.790000
2026-06-15 18:45:26.096582,-2.741000,-2.806000
2026-06-15 18:45:26.133263,-2.859000,-2.912000
2026-06-15 18:45:26.140018,-2.924000,-2.934000
2026-06-15 18:45:26.167301,-2.940000,-3.219000
2026-06-15 18:45:26.170869,-3.147000,-2.991000
2026-06-15 18:45:26.173213,-2.900000,-2.780000
2026-06-15 18:45:26.173439,-2.711000,-2.767000
2026-06-15 18:45:26.173616,-2.756000,-2.812000
2026-06-15 18:45:26.178326,-2.876000,-2.914000
2026-06-15 18:45:26.184509,-2.921000,-2.891000
2026-06-15 18:45:26.185147,-2.944000,-3.211000
2026-06-15 18:45:26.186440,-3.122000,-3.027000
2026-06-15 18:45:26.197648,-2.870000,-2.783000
2026-06-15 18:45:26.216566,-2.744000,-2.765000
2026-06-15 18:45:26.224191,-2.762000,-2.782000
2026-06-15 18:45:26.225080,-2.870000,-2.897000
2026-06-15 18:45:26.225423,-2.875000,-2.890000
2026-06-15 18:45:26.226007,-2.913000,-3.170000
2026-06-15 18:45:26.226339,-3.170000,-2.988000
2026-06-15 18:45:26.228799,-2.912000,-2.801000
2026-06-15 18:45:26.231018,-2.701000,-2.755000
2026-06-15 18:45:26.238573,-2.714000,-2.781000
2026-06-15 18:45:26.240341,-2.827000,-2.889000
2026-06-15 18:45:26.240901,-2.892000,-2.889000
2026-06-15 18:45:26.242852,-2.951000,-3.172000
2026-06-15 18:45:26.243170,-3.108000,-2.997000
2026-06-15 18:45:26.252024,-2.903000,-2.757000
2026-06-15 18:45:26.266113,-2.699000,-2.759000
2026-06-15 18:45:26.267502,-2.737000,-2.771000
2026-06-15 18:45:26.269666,-2.827000,-2.900000
2026-06-15 18:45:26.270598,-2.892000,-2.898000
2026-06-15 18:45:26.280148,-2.923000,-3.192000
2026-06-15 18:45:26.288176,-3.113000,-2.991000
2026-06-15 18:45:26.289737,-2.894000,-2.770000
2026-06-15 18:45:26.298053,-2.673000,-2.749000
2026-06-15 18:45:26.298628,-2.788000,-2.793000
2026-06-15 18:45:26.305333,-2.821000,-2.891000
2026-06-15 18:45:26.321204,-2.895000,-2.909000
2026-06-15 18:45:26.322501,-2.882000,-3.177000
2026-06-15 18:45:26.323270,-3.099000,-2.966000
2026-06-15 18:45:26.326549,-2.842000,-2.746000
2026-06-15 18:45:26.327536,-2.684000,-2.723000
2026-06-15 18:45:26.328605,-2.689000,-2.766000
2026-06-15 18:45:26.329058,-2.863000,-2.843000
2026-06-15 18:45:26.335492,-2.897000,-2.872000
2026-06-15 18:45:26.338589,-2.938000,-3.177000
2026-06-15 18:45:26.366293,-3.111000,-2.993000
2026-06-15 18:45:26.369710,-2.876000,-2.763000
2026-06-15 18:45:26.370108,-2.669000,-2.744000
2026-06-15 18:45:26.371389,-2.695000,-2.767000
2026-06-15 18:45:26.374764,-2.815000,-2.861000
2026-06-15 18:45:26.383221,-2.868000,-2.880000
2026-06-15 18:45:26.386792,-2.911000,-3.181000
2026-06-15 18:45:26.395989,-3.111000,-2.996000
2026-06-15 18:45:26.404170,-2.855000,-2.742000
2026-06-15 18:45:26.404440,-2.668000,-2.757000
2026-06-15 18:45:26.404592,-2.672000,-2.756000
2026-06-15 18:45:26.404725,-2.791000,-2.870000
2026-06-15 18:45:26.404846,-2.887000,-2.864000
2026-06-15 18:45:26.404964,-2.923000,-3.167000
2026-06-15 18:45:26.405105,-3.116000,-2.984000
2026-06-15 18:45:26.405229,-2.831000,-2.763000
2026-06-15 18:45:26.405360,-2.629000,-2.719000
2026-06-15 18:45:26.405478,-2.690000,-2.700000
2026-06-15 18:45:26.405596,-2.810000,-2.854000
2026-06-15 18:45:26.405713,-2.843000,-2.851000
2026-06-15 18:45:26.405829,-2.887000,-3.141000
2026-06-15 18:45:26.405954,-3.091000,-2.967000
2026-06-15 18:45:26.406069,-2.852000,-2.715000
2026-06-15 18:45:26.406181,-2.648000,-2.743000
2026-06-15 18:45:26.406293,-2.674000,-2.757000
2026-06-15 18:45:26.406416,-2.814000,-2.861000
2026-06-15 18:45:26.406539,-2.858000,-2.878000
2026-06-15 18:45:26.406670,-2.885000,-3.110000
2026-06-15 18:45:26.425071,-3.082000,-2.965000
2026-06-15 18:45:26.426339,-2.857000,-2.752000
2026-06-15 18:45:26.427604,-2.634000,-2.708000
2026-06-15 18:45:26.428493,-2.681000,-2.702000
2026-06-15 18:45:26.437631,-2.819000,-2.848000
2026-06-15 18:45:26.439306,-2.866000,-2.865000
2026-06-15 18:45:26.450974,-2.879000,-3.163000
2026-06-15 18:45:26.455092,-3.064000,-2.949000
2026-06-15 18:45:26.484411,-2.846000,-2.720000
2026-06-15 18:45:26.491487,-2.649000,-2.723000
2026-06-15 18:45:26.499539,-2.681000,-2.712000
2026-06-15 18:45:26.503737,-2.809000,-2.836000
2026-06-15 18:45:26.504709,-2.864000,-2.821000
2026-06-15 18:45:26.509953,-2.876000,-3.135000
2026-06-15 18:45:26.510204,-3.074000,-2.960000
2026-06-15 18:45:26.510402,-2.808000,-2.716000
2026-06-15 18:45:26.533295,-2.637000,-2.694000
2026-06-15 18:45:26.533469,-2.666000,-2.726000
2026-06-15 18:45:26.535096,-2.791000,-2.846000
2026-06-15 18:45:26.536319,-2.863000,-2.820000
2026-06-15 18:45:26.553690,-2.885000,-3.141000
2026-06-15 18:45:26.554046,-3.054000,-2.942000
2026-06-15 18:45:26.554428,-2.816000,-2.723000
2026-06-15 18:45:26.556436,-2.623000,-2.704000
2026-06-15 18:45:26.577936,-2.657000,-2.723000
2026-06-15 18:45:26.578353,-2.810000,-2.820000
2026-06-15 18:45:26.586131,-2.842000,-2.839000
2026-06-15 18:45:26.590316,-2.852000,-3.126000
2026-06-15 18:45:26.590620,-3.060000,-2.969000
2026-06-15 18:45:26.590773,-2.806000,-2.713000
2026-06-15 18:45:26.590874,-2.627000,-2.700000
2026-06-15 18:45:26.590987,-2.654000,-2.722000
2026-06-15 18:45:26.591096,-2.777000,-2.830000
2026-06-15 18:45:26.591211,-2.838000,-2.842000
2026-06-15 18:45:26.591355,-2.849000,-3.141000
2026-06-15 18:45:26.600121,-3.059000,-2.959000
2026-06-15 18:45:26.604418,-2.798000,-2.707000
2026-06-15 18:45:26.611780,-2.656000,-2.698000
2026-06-15 18:45:26.622755,-2.669000,-2.697000
2026-06-15 18:45:26.630018,-2.788000,-2.859000
2026-06-15 18:45:26.631914,-2.826000,-2.845000
2026-06-15 18:45:26.635142,-2.885000,-3.112000
2026-06-15 18:45:26.635352,-3.056000,-2.938000
2026-06-15 18:45:26.635486,-2.828000,-2.716000
2026-06-15 18:45:26.635641,-2.611000,-2.694000
2026-06-15 18:45:26.645875,-2.659000,-2.716000
2026-06-15 18:45:26.657093,-2.775000,-2.832000
2026-06-15 18:45:26.660026,-2.816000,-2.815000
2026-06-15 18:45:26.660685,-2.846000,-3.110000
2026-06-15 18:45:26.667957,-3.056000,-2.942000
2026-06-15 18:45:26.693766,-2.803000,-2.711000
2026-06-15 18:45:26.694143,-2.605000,-2.693000
2026-06-15 18:45:26.708571,-2.634000,-2.704000
2026-06-15 18:45:26.726738,-2.757000,-2.817000
2026-06-15 18:45:26.728197,-2.809000,-2.841000
2026-06-15 18:45:26.738442,-2.836000,-3.119000
2026-06-15 18:45:26.746043,-3.063000,-2.927000
2026-06-15 18:45:26.746574,-2.800000,-2.691000
2026-06-15 18:45:26.758601,-2.604000,-2.678000
2026-06-15 18:45:26.759281,-2.639000,-2.699000
2026-06-15 18:45:26.759515,-2.751000,-2.801000
2026-06-15 18:45:26.759686,-2.792000,-2.823000
2026-06-15 18:45:26.759864,-2.919000,-3.113000
2026-06-15 18:45:26.760033,-2.998000,-2.958000
2026-06-15 18:45:26.760191,-2.800000,-2.706000
2026-06-15 18:45:26.804818,-2.609000,-2.656000
2026-06-15 18:45:26.810616,-2.641000,-2.716000
2026-06-15 18:45:26.811329,-2.763000,-2.799000
2026-06-15 18:45:26.842956,-2.803000,-2.813000
2026-06-15 18:45:26.851767,-2.851000,-3.085000
2026-06-15 18:45:26.855149,-3.052000,-2.872000
2026-06-15 18:45:26.856323,-2.819000,-2.675000
2026-06-15 18:45:26.856874,-2.599000,-2.673000
2026-06-15 18:45:26.857298,-2.640000,-2.697000
2026-06-15 18:45:26.867019,-2.751000,-2.777000
2026-06-15 18:45:26.870088,-2.793000,-2.807000
2026-06-15 18:45:26.875193,-2.833000,-3.097000
2026-06-15 18:45:26.875595,-3.041000,-2.889000
2026-06-15 18:45:26.875733,-2.786000,-2.692000
2026-06-15 18:45:26.885920,-2.587000,-2.691000
2026-06-15 18:45:26.886167,-2.633000,-2.680000
2026-06-15 18:45:26.886721,-2.733000,-2.786000
2026-06-15 18:45:26.909009,-2.792000,-2.802000
2026-06-15 18:45:26.917827,-2.801000,-3.113000
2026-06-15 18:45:26.924498,-3.107000,-2.901000
2026-06-15 18:45:26.925108,-2.803000,-2.694000
2026-06-15 18:45:26.934557,-2.605000,-2.659000
2026-06-15 18:45:26.941006,-2.610000,-2.694000
2026-06-15 18:45:26.941615,-2.748000,-2.801000
2026-06-15 18:45:26.941744,-2.792000,-2.800000
2026-06-15 18:45:26.941841,-2.843000,-3.082000
2026-06-15 18:45:26.941941,-3.049000,-2.926000
2026-06-15 18:45:26.942054,-2.777000,-2.681000
2026-06-15 18:45:26.942211,-2.607000,-2.678000
2026-06-15 18:45:26.942362,-2.627000,-2.659000
2026-06-15 18:45:26.942666,-2.738000,-2.812000
2026-06-15 18:45:26.942879,-2.780000,-2.807000
2026-06-15 18:45:26.943040,-2.819000,-3.079000
2026-06-15 18:45:26.943278,-3.063000,-2.900000
2026-06-15 18:45:26.943444,-2.803000,-2.678000
2026-06-15 18:45:26.943720,-2.604000,-2.635000
2026-06-15 18:45:26.944204,-2.611000,-2.683000
2026-06-15 18:45:26.944702,-2.724000,-2.812000
2026-06-15 18:45:26.945180,-2.781000,-2.792000
2026-06-15 18:45:26.949430,-2.820000,-3.100000
2026-06-15 18:45:26.951507,-3.032000,-2.881000
2026-06-15 18:45:26.951956,-2.760000,-2.681000
2026-06-15 18:45:26.955751,-2.589000,-2.645000
2026-06-15 18:45:26.957734,-2.587000,-2.670000
2026-06-15 18:45:26.958160,-2.737000,-2.755000
2026-06-15 18:45:26.965240,-2.780000,-2.795000
2026-06-15 18:45:26.965776,-2.790000,-3.091000
2026-06-15 18:45:26.966136,-3.014000,-2.901000
2026-06-15 18:45:26.966423,-2.801000,-2.660000
2026-06-15 18:45:26.966734,-2.589000,-2.651000
2026-06-15 18:45:26.967152,-2.620000,-2.703000
2026-06-15 18:45:26.967595,-2.727000,-2.822000
2026-06-15 18:45:26.979968,-2.767000,-2.787000
2026-06-15 18:45:26.980203,-2.825000,-3.072000
2026-06-15 18:45:26.980320,-3.018000,-2.870000
2026-06-15 18:45:26.980438,-2.808000,-2.658000
2026-06-15 18:45:26.980531,-2.590000,-2.658000
2026-06-15 18:45:26.980625,-2.604000,-2.676000
2026-06-15 18:45:26.980715,-2.695000,-2.789000
2026-06-15 18:45:26.980803,-2.785000,-2.777000
2026-06-15 18:45:26.980892,-2.800000,-3.088000
2026-06-15 18:45:26.980980,-3.020000,-2.889000
2026-06-15 18:45:26.981081,-2.748000,-2.677000
2026-06-15 18:45:26.981185,-2.586000,-2.691000
2026-06-15 18:45:26.981322,-2.588000,-2.666000
2026-06-15 18:45:26.981437,-2.712000,-2.772000
2026-06-15 18:45:26.982318,-2.761000,-2.771000
2026-06-15 18:45:26.982444,-2.791000,-3.090000
2026-06-15 18:45:26.982536,-2.991000,-2.898000
2026-06-15 18:45:26.983423,-2.753000,-2.678000
2026-06-15 18:45:26.983760,-2.557000,-2.656000
2026-06-15 18:45:26.986248,-2.598000,-2.682000
2026-06-15 18:45:26.990853,-2.710000,-2.770000
2026-06-15 18:45:26.991266,-2.806000,-2.790000
2026-06-15 18:45:27.003793,-2.791000,-3.072000
2026-06-15 18:45:27.004064,-3.028000,-2.881000
2026-06-15 18:45:27.004254,-2.772000,-2.685000
2026-06-15 18:45:27.022249,-2.582000,-2.652000
2026-06-15 18:45:27.029412,-2.583000,-2.663000
2026-06-15 18:45:27.043285,-2.707000,-2.782000
2026-06-15 18:45:27.043739,-2.760000,-2.751000
2026-06-15 18:45:27.046673,-2.827000,-3.063000
2026-06-15 18:45:27.056110,-2.988000,-2.917000
2026-06-15 18:45:27.060170,-2.788000,-2.672000
2026-06-15 18:45:27.061219,-2.599000,-2.630000
2026-06-15 18:45:27.067412,-2.592000,-2.671000
2026-06-15 18:45:27.068921,-2.711000,-2.774000
2026-06-15 18:45:27.078262,-2.769000,-2.803000
2026-06-15 18:45:27.078619,-2.800000,-3.077000
2026-06-15 18:45:27.079085,-3.000000,-2.887000
2026-06-15 18:45:27.079495,-2.750000,-2.672000
2026-06-15 18:45:27.079777,-2.554000,-2.641000
2026-06-15 18:45:27.081965,-2.599000,-2.664000
2026-06-15 18:45:27.101059,-2.721000,-2.761000
2026-06-15 18:45:27.101256,-2.742000,-2.762000
2026-06-15 18:45:27.114597,-2.754000,-3.057000
2026-06-15 18:45:27.120318,-2.998000,-2.870000
2026-06-15 18:45:27.126763,-2.752000,-2.678000
2026-06-15 18:45:27.127731,-2.560000,-2.627000
2026-06-15 18:45:27.128096,-2.605000,-2.657000
2026-06-15 18:45:27.128291,-2.742000,-2.754000
2026-06-15 18:45:27.128440,-2.749000,-2.762000
2026-06-15 18:45:27.128576,-2.786000,-3.061000
2026-06-15 18:45:27.128707,-3.015000,-2.872000
2026-06-15 18:45:27.129154,-2.791000,-2.678000
2026-06-15 18:45:27.137870,-2.602000,-2.652000
2026-06-15 18:45:27.139043,-2.586000,-2.647000
2026-06-15 18:45:27.139303,-2.725000,-2.754000
2026-06-15 18:45:27.139542,-2.763000,-2.767000
2026-06-15 18:45:27.140016,-2.781000,-3.050000
2026-06-15 18:45:27.140417,-2.986000,-2.879000
2026-06-15 18:45:27.140740,-2.777000,-2.648000
2026-06-15 18:45:27.158938,-2.572000,-2.623000
2026-06-15 18:45:27.182433,-2.577000,-2.652000
2026-06-15 18:45:27.197824,-2.705000,-2.740000
2026-06-15 18:45:27.198653,-2.758000,-2.755000
2026-06-15 18:45:27.211199,-2.779000,-3.050000
2026-06-15 18:45:27.218760,-3.005000,-2.885000
2026-06-15 18:45:27.227662,-2.753000,-2.685000
2026-06-15 18:45:27.229082,-2.558000,-2.640000
2026-06-15 18:45:27.230256,-2.639000,-2.648000
2026-06-15 18:45:27.230615,-2.690000,-2.744000
2026-06-15 18:45:27.231166,-2.730000,-2.750000
2026-06-15 18:45:27.236878,-2.757000,-3.054000
2026-06-15 18:45:27.240029,-3.020000,-2.900000
2026-06-15 18:45:27.240322,-2.749000,-2.677000
2026-06-15 18:45:27.240478,-2.590000,-2.590000
2026-06-15 18:45:27.240605,-2.554000,-2.628000
2026-06-15 18:45:27.240704,-2.694000,-2.744000
2026-06-15 18:45:27.240817,-2.742000,-2.763000
2026-06-15 18:45:27.240991,-2.751000,-3.034000
2026-06-15 18:45:27.241192,-3.035000,-2.927000
2026-06-15 18:45:27.241391,-2.137000,-2.918000
2026-06-15 18:45:27.241608,-1.993000,-2.889000
2026-06-15 18:45:27.241737,-2.018000,-2.988000
2026-06-15 18:45:27.241995,-2.185000,-3.061000
2026-06-15 18:45:27.269235,-2.190000,-3.063000
2026-06-15 18:45:27.274585,-2.415000,-3.334000
2026-06-15 18:45:27.274869,-2.353000,-3.100000
2026-06-15 18:45:27.275055,-2.134000,-2.901000
2026-06-15 18:45:27.275218,-2.024000,-2.838000
2026-06-15 18:45:27.278478,-2.044000,-3.006000
2026-06-15 18:45:27.291766,-2.184000,-3.055000
2026-06-15 18:45:27.298195,-2.186000,-3.059000
2026-06-15 18:45:27.303976,-2.443000,-3.311000
2026-06-15 18:45:27.316707,-2.372000,-3.100000
2026-06-15 18:45:27.317991,-2.127000,-2.917000
2026-06-15 18:45:27.318662,-1.971000,-2.892000
2026-06-15 18:45:27.336466,-2.019000,-2.991000
2026-06-15 18:45:27.348286,-2.180000,-2.992000
2026-06-15 18:45:27.372986,-2.187000,-3.062000
2026-06-15 18:45:27.377574,-2.445000,-3.325000
2026-06-15 18:45:27.381499,-2.369000,-3.095000
2026-06-15 18:45:27.391181,-2.165000,-2.918000
2026-06-15 18:45:27.391402,-1.977000,-2.929000
2026-06-15 18:45:27.391501,-2.025000,-2.983000
2026-06-15 18:45:27.391616,-2.172000,-3.068000
2026-06-15 18:45:27.418892,-2.191000,-3.044000
2026-06-15 18:45:27.420260,-2.401000,-3.311000
2026-06-15 18:45:27.432520,-2.369000,-3.062000
2026-06-15 18:45:27.432840,-2.164000,-2.893000
2026-06-15 18:45:27.433272,-1.987000,-2.874000
2026-06-15 18:45:27.435887,-2.069000,-2.979000
2026-06-15 18:45:27.436409,-2.185000,-3.026000
2026-06-15 18:45:27.436832,-2.185000,-3.041000
2026-06-15 18:45:27.437682,-2.459000,-3.287000
2026-06-15 18:45:27.438758,-2.372000,-3.086000
2026-06-15 18:45:27.439648,-2.146000,-2.912000
2026-06-15 18:45:27.467532,-1.985000,-2.837000
2026-06-15 18:45:27.472720,-2.016000,-3.041000
2026-06-15 18:45:27.476632,-2.152000,-3.039000
2026-06-15 18:45:27.507354,-2.190000,-3.068000
2026-06-15 18:45:27.512432,-2.392000,-3.315000
2026-06-15 18:45:27.521516,-2.395000,-3.097000
2026-06-15 18:45:27.540738,-2.114000,-2.914000
2026-06-15 18:45:27.549395,-1.975000,-2.834000
2026-06-15 18:45:27.552872,-2.038000,-3.007000
2026-06-15 18:45:27.595950,-2.159000,-3.015000
2026-06-15 18:45:27.625920,-2.182000,-3.047000
2026-06-15 18:45:27.634949,-2.373000,-3.316000
2026-06-15 18:45:27.639571,-2.339000,-3.096000
2026-06-15 18:45:27.675557,-2.156000,-2.915000
2026-06-15 18:45:27.703000,-2.014000,-2.870000
2026-06-15 18:45:27.710658,-2.029000,-2.984000
2026-06-15 18:45:27.712664,-2.170000,-3.027000
2026-06-15 18:45:27.713085,-2.194000,-3.044000
2026-06-15 18:45:27.716754,-2.389000,-3.313000
2026-06-15 18:45:27.717546,-2.355000,-3.098000
2026-06-15 18:45:27.720446,-2.141000,-2.886000
2026-06-15 18:45:27.721788,-1.968000,-2.830000
2026-06-15 18:45:27.751486,-2.021000,-3.007000
2026-06-15 18:45:27.761228,-2.166000,-3.039000
2026-06-15 18:45:27.765155,-2.218000,-3.043000
2026-06-15 18:45:27.784063,-2.388000,-3.307000
2026-06-15 18:45:27.784351,-2.377000,-3.085000
2026-06-15 18:45:27.784518,-2.149000,-2.874000
2026-06-15 18:45:27.784680,-1.981000,-2.839000
2026-06-15 18:45:27.784816,-2.010000,-2.986000
2026-06-15 18:45:27.787433,-2.164000,-3.025000
2026-06-15 18:45:27.825223,-2.169000,-3.028000
2026-06-15 18:45:27.827144,-2.365000,-3.291000
2026-06-15 18:45:27.828130,-2.365000,-3.080000
2026-06-15 18:45:27.828492,-2.128000,-2.870000
2026-06-15 18:45:27.850235,-1.971000,-2.865000
2026-06-15 18:45:27.887276,-2.011000,-2.998000
2026-06-15 18:45:27.899981,-2.151000,-3.024000
2026-06-15 18:45:27.909044,-2.156000,-3.027000
2026-06-15 18:45:27.915020,-2.386000,-3.325000
2026-06-15 18:45:27.916216,-2.356000,-3.076000
2026-06-15 18:45:27.951661,-2.136000,-2.889000
2026-06-15 18:45:27.952226,-1.985000,-2.883000
2026-06-15 18:45:27.953322,-2.009000,-3.001000
2026-06-15 18:45:27.954559,-2.160000,-3.020000
2026-06-15 18:45:27.955116,-2.189000,-3.044000
2026-06-15 18:45:27.955771,-2.388000,-3.297000
2026-06-15 18:45:27.969225,-2.351000,-3.086000
2026-06-15 18:45:27.981293,-2.139000,-2.896000
2026-06-15 18:45:27.983755,-1.954000,-2.839000
2026-06-15 18:45:27.986220,-2.031000,-2.992000
2026-06-15 18:45:27.992679,-2.170000,-3.041000
2026-06-15 18:45:28.004857,-2.187000,-3.014000
2026-06-15 18:45:28.005239,-2.406000,-3.300000
2026-06-15 18:45:28.005411,-2.375000,-3.093000
2026-06-15 18:45:28.005582,-2.139000,-2.887000
2026-06-15 18:45:28.005895,-1.985000,-2.829000
2026-06-15 18:45:28.016515,-2.044000,-2.985000
2026-06-15 18:45:28.026188,-2.174000,-3.009000
2026-06-15 18:45:28.028114,-2.190000,-3.028000
2026-06-15 18:45:28.033955,-2.386000,-3.292000
2026-06-15 18:45:28.035254,-2.375000,-3.060000
2026-06-15 18:45:28.043608,-2.164000,-2.882000
2026-06-15 18:45:28.044983,-1.960000,-2.836000
2026-06-15 18:45:28.045600,-2.037000,-2.981000
2026-06-15 18:45:28.046238,-2.171000,-3.023000
2026-06-15 18:45:28.072233,-2.190000,-3.021000
2026-06-15 18:45:28.077518,-2.380000,-3.303000
2026-06-15 18:45:28.085818,-2.367000,-3.077000
2026-06-15 18:45:28.087840,-2.141000,-2.889000
2026-06-15 18:45:28.088597,-1.978000,-2.821000
2026-06-15 18:45:28.107626,-2.032000,-2.962000
2026-06-15 18:45:28.111019,-2.160000,-3.033000
2026-06-15 18:45:28.111621,-2.198000,-3.010000
2026-06-15 18:45:28.119759,-2.376000,-3.286000
2026-06-15 18:45:28.134500,-2.337000,-3.068000
2026-06-15 18:45:28.144263,-2.156000,-2.880000
2026-06-15 18:45:28.153256,-1.967000,-2.869000
2026-06-15 18:45:28.155221,-2.009000,-2.968000
2026-06-15 18:45:28.165095,-2.181000,-3.003000
2026-06-15 18:45:28.167691,-2.189000,-3.036000
2026-06-15 18:45:28.168939,-2.372000,-3.307000
2026-06-15 18:45:28.169948,-2.381000,-3.074000
2026-06-15 18:45:28.179596,-2.142000,-2.881000
2026-06-15 18:45:28.180068,-1.977000,-2.859000
2026-06-15 18:45:28.180417,-2.024000,-2.970000
2026-06-15 18:45:28.180695,-2.134000,-3.020000
2026-06-15 18:45:28.194618,-2.163000,-3.041000
2026-06-15 18:45:28.197058,-2.363000,-3.275000
2026-06-15 18:45:28.197510,-2.361000,-3.074000
2026-06-15 18:45:28.197866,-2.152000,-2.836000
2026-06-15 18:45:28.202607,-1.973000,-2.849000
2026-06-15 18:45:28.204647,-2.027000,-2.955000
2026-06-15 18:45:28.204970,-2.190000,-3.033000
2026-06-15 18:45:28.205080,-2.188000,-3.023000
2026-06-15 18:45:28.205306,-2.379000,-3.280000
2026-06-15 18:45:28.210564,-2.351000,-3.084000
2026-06-15 18:45:28.216242,-2.160000,-2.853000
2026-06-15 18:45:28.216741,-1.960000,-2.811000
2026-06-15 18:45:28.233203,-2.042000,-2.948000
2026-06-15 18:45:28.233601,-2.145000,-3.009000
2026-06-15 18:45:28.233967,-2.162000,-3.024000
2026-06-15 18:45:28.239765,-2.360000,-3.291000
2026-06-15 18:45:28.246180,-2.366000,-3.096000
2026-06-15 18:45:28.250089,-2.142000,-2.898000
2026-06-15 18:45:28.257491,-1.953000,-2.824000
2026-06-15 18:45:28.263438,-2.063000,-2.981000
2026-06-15 18:45:28.263609,-2.150000,-3.021000
2026-06-15 18:45:28.276304,-2.209000,-3.032000
2026-06-15 18:45:28.291312,-2.360000,-3.287000
2026-06-15 18:45:28.300424,-2.360000,-3.086000
2026-06-15 18:45:28.306976,-2.133000,-2.891000
2026-06-15 18:45:28.310899,-1.962000,-2.867000
2026-06-15 18:45:28.320201,-2.026000,-2.974000
2026-06-15 18:45:28.323000,-2.172000,-2.990000
2026-06-15 18:45:28.325267,-2.176000,-3.012000
2026-06-15 18:45:28.334730,-2.357000,-3.293000
2026-06-15 18:45:28.340210,-2.385000,-3.064000
2026-06-15 18:45:28.340591,-2.129000,-2.868000
2026-06-15 18:45:28.350372,-2.052000,-2.831000
2026-06-15 18:45:28.361693,-2.034000,-2.931000
2026-06-15 18:45:28.363128,-2.143000,-2.986000
2026-06-15 18:45:28.363622,-2.209000,-3.007000
2026-06-15 18:45:28.371243,-2.356000,-3.292000
2026-06-15 18:45:28.380413,-2.356000,-3.075000
2026-06-15 18:45:28.387164,-2.154000,-2.882000
2026-06-15 18:45:28.387647,-1.967000,-2.868000
2026-06-15 18:45:28.392769,-2.015000,-2.948000
2026-06-15 18:45:28.393043,-2.153000,-3.027000
2026-06-15 18:45:28.393605,-2.189000,-2.990000
2026-06-15 18:45:28.396150,-2.369000,-3.292000
2026-06-15 18:45:28.401092,-2.381000,-3.063000
2026-06-15 18:45:28.407135,-2.139000,-2.879000
2026-06-15 18:45:28.408299,-1.998000,-2.858000
2026-06-15 18:45:28.408650,-2.020000,-2.966000
2026-06-15 18:45:28.420225,-2.141000,-3.015000
2026-06-15 18:45:28.422042,-2.176000,-3.021000
2026-06-15 18:45:28.422412,-2.370000,-3.284000
2026-06-15 18:45:28.423466,-2.384000,-3.051000
2026-06-15 18:45:28.433497,-2.145000,-2.892000
2026-06-15 18:45:28.441487,-2.004000,-2.857000
2026-06-15 18:45:28.446585,-2.015000,-2.934000
2026-06-15 18:45:28.446866,-2.165000,-3.026000
2026-06-15 18:45:28.447951,-2.197000,-3.004000
2026-06-15 18:45:28.448314,-2.361000,-3.271000
2026-06-15 18:45:28.449143,-2.406000,-3.057000
2026-06-15 18:45:28.450218,-2.144000,-2.883000
2026-06-15 18:45:28.450821,-1.962000,-2.814000
2026-06-15 18:45:28.451283,-2.017000,-2.990000
2026-06-15 18:45:28.461878,-2.156000,-3.009000
2026-06-15 18:45:28.462213,-2.222000,-3.002000
2026-06-15 18:45:28.475654,-2.342000,-3.296000
2026-06-15 18:45:28.497138,-2.381000,-3.073000
2026-06-15 18:45:28.498325,-2.192000,-2.870000
2026-06-15 18:45:28.501053,-1.969000,-2.814000
2026-06-15 18:45:28.511999,-2.001000,-2.939000
2026-06-15 18:45:28.517427,-2.154000,-3.003000
2026-06-15 18:45:28.537789,-2.178000,-3.003000
2026-06-15 18:45:28.538909,-2.354000,-3.270000
2026-06-15 18:45:28.541250,-2.373000,-3.080000
2026-06-15 18:45:28.572964,-2.156000,-2.850000
2026-06-15 18:45:28.573472,-1.951000,-2.798000
2026-06-15 18:45:28.573717,-2.009000,-2.963000
2026-06-15 18:45:28.573869,-2.139000,-2.990000
2026-06-15 18:45:28.574015,-2.222000,-3.006000
2026-06-15 18:45:28.574154,-2.335000,-3.245000
2026-06-15 18:45:28.574287,-2.385000,-3.044000
2026-06-15 18:45:28.574418,-2.141000,-2.879000
2026-06-15 18:45:28.574556,-1.962000,-2.834000
2026-06-15 18:45:28.576601,-1.996000,-2.953000
2026-06-15 18:45:28.577159,-2.163000,-2.998000
2026-06-15 18:45:28.602596,-2.177000,-2.979000
2026-06-15 18:45:28.610268,-2.351000,-3.282000
2026-06-15 18:45:28.610465,-2.419000,-3.049000
2026-06-15 18:45:28.610595,-2.149000,-2.880000
2026-06-15 18:45:28.610709,-1.960000,-2.885000
2026-06-15 18:45:28.610806,-2.009000,-2.942000
2026-06-15 18:45:28.610908,-2.115000,-2.976000
2026-06-15 18:45:28.611008,-2.187000,-2.979000
2026-06-15 18:45:28.611102,-2.339000,-3.275000
2026-06-15 18:45:28.611190,-2.386000,-3.074000
2026-06-15 18:45:28.612349,-2.147000,-2.864000
2026-06-15 18:45:28.617197,-1.979000,-2.835000
2026-06-15 18:45:28.617798,-2.008000,-2.931000
2026-06-15 18:45:28.618649,-2.156000,-2.961000
2026-06-15 18:45:28.646527,-2.162000,-2.988000
2026-06-15 18:45:28.650578,-2.349000,-3.283000
2026-06-15 18:45:28.651064,-2.373000,-3.056000
2026-06-15 18:45:28.653949,-2.155000,-2.858000
2026-06-15 18:45:28.654629,-1.936000,-2.868000
2026-06-15 18:45:28.655158,-1.995000,-2.917000
2026-06-15 18:45:28.655618,-2.151000,-2.991000
2026-06-15 18:45:28.657254,-2.171000,-2.980000
2026-06-15 18:45:28.661433,-2.376000,-3.255000
2026-06-15 18:45:28.661716,-2.436000,-3.046000
2026-06-15 18:45:28.674396,-2.117000,-2.848000
2026-06-15 18:45:28.677915,-1.963000,-2.869000
2026-06-15 18:45:28.694617,-2.013000,-2.920000
2026-06-15 18:45:28.714065,-2.146000,-3.011000
2026-06-15 18:45:28.733718,-2.176000,-3.003000
2026-06-15 18:45:28.752908,-2.325000,-3.264000
2026-06-15 18:45:28.754212,-2.364000,-3.063000
2026-06-15 18:45:28.756502,-2.154000,-2.856000
2026-06-15 18:45:28.759909,-1.964000,-2.847000
2026-06-15 18:45:28.766663,-2.021000,-2.946000
2026-06-15 18:45:28.787438,-2.146000,-2.964000
2026-06-15 18:45:28.818202,-2.139000,-3.006000
2026-06-15 18:45:28.832078,-2.324000,-3.249000
2026-06-15 18:45:28.839289,-2.367000,-3.080000
2026-06-15 18:45:28.842446,-2.145000,-2.878000
2026-06-15 18:45:28.855468,-1.983000,-2.853000
2026-06-15 18:45:28.864679,-2.005000,-2.938000
2026-06-15 18:45:28.865442,-2.141000,-2.967000
2026-06-15 18:45:28.866134,-2.227000,-2.960000
2026-06-15 18:45:28.866791,-2.325000,-3.279000
2026-06-15 18:45:28.867415,-2.351000,-3.073000
2026-06-15 18:45:28.868289,-2.131000,-2.861000
2026-06-15 18:45:28.870774,-1.975000,-2.873000
2026-06-15 18:45:28.871679,-2.045000,-2.907000
2026-06-15 18:45:28.871937,-2.176000,-2.980000
2026-06-15 18:45:28.872466,-2.161000,-3.004000
2026-06-15 18:45:28.872937,-2.326000,-3.269000
2026-06-15 18:45:28.873736,-2.387000,-3.021000
2026-06-15 18:45:28.874368,-2.133000,-2.848000
2026-06-15 18:45:28.886520,-1.988000,-2.845000
2026-06-15 18:45:28.893782,-2.005000,-2.910000
2026-06-15 18:45:28.894614,-2.151000,-2.986000
2026-06-15 18:45:28.897139,-2.188000,-2.982000
2026-06-15 18:45:28.898351,-2.335000,-3.267000
2026-06-15 18:45:28.915096,-2.384000,-3.067000
2026-06-15 18:45:28.915364,-2.155000,-2.852000
2026-06-15 18:45:28.915537,-1.987000,-2.804000
2026-06-15 18:45:28.915677,-1.991000,-2.942000
2026-06-15 18:45:28.928165,-2.146000,-2.978000
2026-06-15 18:45:28.929886,-2.177000,-2.993000
2026-06-15 18:45:28.940429,-2.279000,-3.245000
2026-06-15 18:45:28.941007,-2.391000,-3.062000
2026-06-15 18:45:28.948971,-2.166000,-2.858000
2026-06-15 18:45:28.974119,-1.930000,-2.844000
2026-06-15 18:45:28.974252,-1.990000,-2.917000
2026-06-15 18:45:28.974345,-2.142000,-3.020000
2026-06-15 18:45:28.974441,-2.201000,-2.980000
2026-06-15 18:45:28.979924,-2.277000,-3.272000
2026-06-15 18:45:28.982388,-2.388000,-3.062000
2026-06-15 18:45:28.982631,-2.134000,-2.806000
2026-06-15 18:45:28.982742,-2.025000,-2.806000
2026-06-15 18:45:28.982854,-2.001000,-2.902000
2026-06-15 18:45:28.982967,-2.153000,-2.985000
2026-06-15 18:45:28.992617,-2.161000,-2.985000
2026-06-15 18:45:28.992837,-2.278000,-3.246000
2026-06-15 18:45:28.992964,-2.391000,-3.058000
2026-06-15 18:45:28.993102,-2.136000,-2.843000
2026-06-15 18:45:28.993243,-1.949000,-2.840000
2026-06-15 18:45:28.993371,-2.005000,-2.950000
2026-06-15 18:45:28.993506,-2.137000,-2.998000
2026-06-15 18:45:28.993634,-2.176000,-2.968000
2026-06-15 18:45:28.993802,-2.272000,-3.280000
2026-06-15 18:45:29.000374,-2.356000,-3.062000
2026-06-15 18:45:29.003305,-2.140000,-2.842000
2026-06-15 18:45:29.008723,-1.945000,-2.831000
2026-06-15 18:45:29.022937,-1.996000,-2.946000
2026-06-15 18:45:29.033527,-2.146000,-2.983000
2026-06-15 18:45:29.041864,-2.165000,-2.997000
2026-06-15 18:45:29.042699,-2.289000,-3.275000
2026-06-15 18:45:29.044126,-2.380000,-3.033000
2026-06-15 18:45:29.044382,-2.144000,-2.824000
2026-06-15 18:45:29.044531,-1.966000,-2.821000
2026-06-15 18:45:29.044676,-1.986000,-2.943000
2026-06-15 18:45:29.044819,-2.152000,-3.021000
2026-06-15 18:45:29.044965,-2.192000,-2.974000
2026-06-15 18:45:29.045105,-2.310000,-3.271000
2026-06-15 18:45:29.045242,-2.372000,-3.053000
2026-06-15 18:45:29.045387,-2.146000,-2.844000
2026-06-15 18:45:29.045507,-1.990000,-2.856000
2026-06-15 18:45:29.045627,-2.019000,-2.914000
2026-06-15 18:45:29.045742,-2.145000,-3.008000
2026-06-15 18:45:29.045858,-2.176000,-2.974000
2026-06-15 18:45:29.045978,-2.301000,-3.271000
2026-06-15 18:45:29.046092,-2.370000,-3.021000
2026-06-15 18:45:29.046202,-2.160000,-2.833000
2026-06-15 18:45:29.046322,-1.951000,-2.807000
2026-06-15 18:45:29.052230,-2.010000,-2.883000
2026-06-15 18:45:29.052797,-2.138000,-2.995000
2026-06-15 18:45:29.053360,-2.175000,-2.982000
2026-06-15 18:45:29.070153,-2.294000,-3.270000
2026-06-15 18:45:29.074461,-2.346000,-3.043000
2026-06-15 18:45:29.090990,-2.135000,-2.829000
2026-06-15 18:45:29.104259,-1.963000,-2.819000
2026-06-15 18:45:29.122754,-2.020000,-2.902000
2026-06-15 18:45:29.132511,-2.132000,-2.960000
2026-06-15 18:45:29.137244,-2.209000,-2.949000
2026-06-15 18:45:29.139744,-2.286000,-3.258000
2026-06-15 18:45:29.140272,-2.387000,-3.046000
2026-06-15 18:45:29.140489,-2.153000,-2.849000
2026-06-15 18:45:29.140613,-1.994000,-2.841000
2026-06-15 18:45:29.142090,-1.986000,-2.906000
2026-06-15 18:45:29.143583,-2.118000,-2.954000
2026-06-15 18:45:29.143788,-2.162000,-2.992000
2026-06-15 18:45:29.144058,-2.282000,-3.246000
2026-06-15 18:45:29.144250,-2.368000,-3.053000
2026-06-15 18:45:29.144416,-2.162000,-2.809000
2026-06-15 18:45:29.167202,-2.031000,-2.830000
2026-06-15 18:45:29.168150,-1.991000,-2.886000
2026-06-15 18:45:29.175203,-2.126000,-2.984000
2026-06-15 18:45:29.176696,-2.147000,-2.997000
2026-06-15 18:45:29.177629,-2.303000,-3.248000
2026-06-15 18:45:29.186518,-2.379000,-3.026000
2026-06-15 18:45:29.187234,-2.144000,-2.835000
2026-06-15 18:45:29.187397,-1.971000,-2.866000
2026-06-15 18:45:29.212007,-1.994000,-2.900000
2026-06-15 18:45:29.227490,-2.160000,-2.963000
2026-06-15 18:45:29.240891,-2.175000,-2.988000
2026-06-15 18:45:29.246347,-2.311000,-3.220000
2026-06-15 18:45:29.271104,-2.356000,-3.021000
2026-06-15 18:45:29.271347,-2.157000,-2.853000
2026-06-15 18:45:29.271497,-1.952000,-2.860000
2026-06-15 18:45:29.276828,-1.986000,-2.882000
2026-06-15 18:45:29.282010,-2.154000,-3.004000
2026-06-15 18:45:29.297172,-2.156000,-2.973000
2026-06-15 18:45:29.301231,-2.290000,-3.273000
2026-06-15 18:45:29.320161,-2.379000,-3.052000
2026-06-15 18:45:29.333219,-2.154000,-2.843000
2026-06-15 18:45:29.333690,-1.957000,-2.778000
2026-06-15 18:45:29.364823,-1.991000,-2.927000
2026-06-15 18:45:29.380328,-2.182000,-2.961000
2026-06-15 18:45:29.406619,-2.161000,-2.978000
2026-06-15 18:45:29.407199,-2.293000,-3.265000
2026-06-15 18:45:29.408876,-2.367000,-3.026000
2026-06-15 18:45:29.409367,-2.130000,-2.826000
2026-06-15 18:45:29.409962,-1.964000,-2.843000
2026-06-15 18:45:29.410374,-1.978000,-2.839000
2026-06-15 18:45:29.421198,-2.204000,-2.952000
2026-06-15 18:45:29.425140,-2.188000,-2.934000
2026-06-15 18:45:29.425628,-2.304000,-3.259000
2026-06-15 18:45:29.426001,-2.375000,-3.042000
2026-06-15 18:45:29.432266,-2.147000,-2.829000
2026-06-15 18:45:29.439485,-1.948000,-2.843000
2026-06-15 18:45:29.443086,-1.968000,-2.881000
2026-06-15 18:45:29.444276,-2.130000,-2.951000
2026-06-15 18:45:29.445706,-2.179000,-2.960000
2026-06-15 18:45:29.446180,-2.288000,-3.235000
2026-06-15 18:45:29.447550,-2.356000,-3.021000
2026-06-15 18:45:29.447892,-2.149000,-2.839000
2026-06-15 18:45:29.482047,-1.958000,-2.854000
2026-06-15 18:45:29.484700,-2.006000,-2.879000
2026-06-15 18:45:29.494498,-2.101000,-2.973000
2026-06-15 18:45:29.495202,-2.184000,-2.937000
2026-06-15 18:45:29.497403,-2.309000,-3.253000
2026-06-15 18:45:29.510826,-2.392000,-3.019000
2026-06-15 18:45:29.513795,-2.144000,-2.827000
2026-06-15 18:45:29.514281,-1.956000,-2.778000
2026-06-15 18:45:29.515255,-2.009000,-2.850000
2026-06-15 18:45:29.547137,-2.123000,-2.942000
2026-06-15 18:45:29.550006,-2.180000,-2.963000
2026-06-15 18:45:29.550876,-2.291000,-3.248000
2026-06-15 18:45:29.552469,-2.381000,-3.021000
2026-06-15 18:45:29.557446,-2.130000,-2.856000
2026-06-15 18:45:29.568072,-1.942000,-2.845000
2026-06-15 18:45:29.573016,-1.982000,-2.869000
2026-06-15 18:45:29.576878,-2.166000,-2.949000
2026-06-15 18:45:29.614427,-2.149000,-2.996000
2026-06-15 18:45:29.616088,-2.275000,-3.258000
2026-06-15 18:45:29.616433,-2.394000,-3.048000
2026-06-15 18:45:29.621207,-2.147000,-2.837000
2026-06-15 18:45:29.653293,-1.982000,-2.862000
2026-06-15 18:45:29.654409,-1.968000,-2.860000
2026-06-15 18:45:29.654950,-2.115000,-2.968000
2026-06-15 18:45:29.665137,-2.164000,-2.980000
2026-06-15 18:45:29.666325,-2.283000,-3.262000
2026-06-15 18:45:29.682198,-2.363000,-3.058000
2026-06-15 18:45:29.687870,-2.164000,-2.849000
2026-06-15 18:45:29.688000,-1.917000,-2.840000
2026-06-15 18:45:29.688373,-2.005000,-2.857000
2026-06-15 18:45:29.705341,-2.132000,-2.970000
2026-06-15 18:45:29.729678,-2.168000,-2.982000
2026-06-15 18:45:29.731011,-2.276000,-3.248000
2026-06-15 18:45:29.765389,-2.381000,-3.054000
2026-06-15 18:45:29.774069,-2.144000,-2.799000
2026-06-15 18:45:29.774765,-1.957000,-2.845000
2026-06-15 18:45:29.776199,-2.021000,-2.886000
2026-06-15 18:45:29.793746,-2.139000,-2.939000
2026-06-15 18:45:29.794039,-2.165000,-2.969000
2026-06-15 18:45:29.800422,-2.291000,-3.243000
2026-06-15 18:45:29.823780,-2.384000,-3.026000
2026-06-15 18:45:29.833875,-2.131000,-2.822000
2026-06-15 18:45:29.834721,-1.964000,-2.802000
2026-06-15 18:45:29.857225,-1.974000,-2.865000
2026-06-15 18:45:29.860655,-2.129000,-2.951000
2026-06-15 18:45:29.862234,-2.147000,-2.964000
2026-06-15 18:45:29.874455,-2.277000,-3.261000
2026-06-15 18:45:29.874708,-2.349000,-3.031000
2026-06-15 18:45:29.874883,-2.152000,-2.829000
2026-06-15 18:45:29.875044,-1.958000,-2.813000
2026-06-15 18:45:29.875189,-1.999000,-2.884000
2026-06-15 18:45:29.875336,-2.116000,-2.940000
2026-06-15 18:45:29.875507,-2.166000,-2.943000
2026-06-15 18:45:29.875673,-2.241000,-3.246000
2026-06-15 18:45:29.875871,-2.374000,-3.057000
2026-06-15 18:45:29.888264,-2.151000,-2.829000
2026-06-15 18:45:29.889290,-1.951000,-2.805000
2026-06-15 18:45:29.889981,-1.989000,-2.853000
2026-06-15 18:45:29.890274,-2.104000,-2.927000
2026-06-15 18:45:29.890500,-2.161000,-2.953000
2026-06-15 18:45:29.890782,-2.176000,-3.252000
2026-06-15 18:45:29.891151,-2.422000,-3.067000
2026-06-15 18:45:29.891489,-2.175000,-2.862000
2026-06-15 18:45:29.893891,-2.020000,-2.809000
2026-06-15 18:45:29.895965,-1.988000,-2.848000
2026-06-15 18:45:29.924133,-2.094000,-2.959000
2026-06-15 18:45:29.927745,-2.160000,-2.956000
2026-06-15 18:45:29.929719,-2.172000,-3.246000
2026-06-15 18:45:29.931765,-2.420000,-3.085000
2026-06-15 18:45:29.944699,-1.495000,-3.403000
2026-06-15 18:45:29.946405,-1.299000,-3.293000
2026-06-15 18:45:29.951700,-1.267000,-3.319000
2026-06-15 18:45:29.981579,-1.401000,-3.422000
2026-06-15 18:45:29.986210,-1.494000,-3.455000
2026-06-15 18:45:29.986969,-1.499000,-3.672000
2026-06-15 18:45:29.990176,-1.773000,-3.637000
2026-06-15 18:45:30.015670,-1.497000,-3.430000
2026-06-15 18:45:30.018360,-1.303000,-3.263000
2026-06-15 18:45:30.020755,-1.256000,-3.330000
2026-06-15 18:45:30.046076,-1.412000,-3.429000
2026-06-15 18:45:30.048928,-1.472000,-3.444000
2026-06-15 18:45:30.073715,-1.497000,-3.647000
2026-06-15 18:45:30.075189,-1.751000,-3.632000
2026-06-15 18:45:30.075639,-1.518000,-3.421000
2026-06-15 18:45:30.080373,-1.334000,-3.289000
2026-06-15 18:45:30.088207,-1.257000,-3.328000
2026-06-15 18:45:30.092207,-1.416000,-3.376000
2026-06-15 18:45:30.095031,-1.493000,-3.448000
2026-06-15 18:45:30.096487,-1.515000,-3.689000
2026-06-15 18:45:30.111101,-1.751000,-3.641000
2026-06-15 18:45:30.130387,-1.536000,-3.400000
2026-06-15 18:45:30.131750,-1.293000,-3.263000
2026-06-15 18:45:30.132060,-1.277000,-3.320000
2026-06-15 18:45:30.132169,-1.403000,-3.418000
2026-06-15 18:45:30.132269,-1.475000,-3.448000
2026-06-15 18:45:30.132369,-1.512000,-3.671000
2026-06-15 18:45:30.132479,-1.768000,-3.615000
2026-06-15 18:45:30.132602,-1.515000,-3.398000
2026-06-15 18:45:30.132708,-1.319000,-3.261000
2026-06-15 18:45:30.133051,-1.271000,-3.317000
2026-06-15 18:45:30.133648,-1.419000,-3.430000
2026-06-15 18:45:30.134099,-1.469000,-3.473000
2026-06-15 18:45:30.134415,-1.484000,-3.727000
2026-06-15 18:45:30.146529,-1.743000,-3.626000
2026-06-15 18:45:30.159045,-1.488000,-3.416000
2026-06-15 18:45:30.177673,-1.279000,-3.301000
2026-06-15 18:45:30.180308,-1.196000,-3.307000
2026-06-15 18:45:30.184226,-1.422000,-3.421000
2026-06-15 18:45:30.184670,-1.492000,-3.450000
2026-06-15 18:45:30.184977,-1.491000,-3.648000
2026-06-15 18:45:30.185435,-1.765000,-3.630000
2026-06-15 18:45:30.198622,-1.522000,-3.404000
2026-06-15 18:45:30.202416,-1.306000,-3.290000
2026-06-15 18:45:30.205690,-1.276000,-3.331000
2026-06-15 18:45:30.208425,-1.404000,-3.421000
2026-06-15 18:45:30.208658,-1.456000,-3.498000
2026-06-15 18:45:30.208794,-1.475000,-3.696000
2026-06-15 18:45:30.208899,-1.754000,-3.650000
2026-06-15 18:45:30.209002,-1.496000,-3.449000
2026-06-15 18:45:30.209185,-1.290000,-3.272000
2026-06-15 18:45:30.213762,-1.232000,-3.345000
2026-06-15 18:45:30.234047,-1.383000,-3.432000
2026-06-15 18:45:30.234929,-1.466000,-3.450000
2026-06-15 18:45:30.236138,-1.468000,-3.681000
2026-06-15 18:45:30.244714,-1.747000,-3.639000
2026-06-15 18:45:30.255672,-1.493000,-3.431000
2026-06-15 18:45:30.262971,-1.281000,-3.323000
2026-06-15 18:45:30.268230,-1.211000,-3.354000
2026-06-15 18:45:30.268669,-1.351000,-3.474000
2026-06-15 18:45:30.274969,-1.419000,-3.482000
2026-06-15 18:45:30.281514,-1.445000,-3.740000
2026-06-15 18:45:30.284385,-1.706000,-3.668000
2026-06-15 18:45:30.287773,-1.445000,-3.455000
2026-06-15 18:45:30.288049,-1.351000,-3.343000
2026-06-15 18:45:30.288206,-1.193000,-3.339000
2026-06-15 18:45:30.288352,-1.345000,-3.449000
2026-06-15 18:45:30.303994,-1.423000,-3.473000
2026-06-15 18:45:30.310290,-1.445000,-3.674000
2026-06-15 18:45:30.310535,-1.754000,-3.689000
2026-06-15 18:45:30.312243,-1.442000,-3.456000
2026-06-15 18:45:30.345231,-1.270000,-3.298000
2026-06-15 18:45:30.345725,-1.234000,-3.342000
2026-06-15 18:45:30.346218,-1.390000,-3.461000
2026-06-15 18:45:30.346570,-1.468000,-3.469000
2026-06-15 18:45:30.346702,-1.483000,-3.683000
2026-06-15 18:45:30.346795,-1.771000,-3.637000
2026-06-15 18:45:30.346894,-1.488000,-3.451000
2026-06-15 18:45:30.346989,-1.282000,-3.318000
2026-06-15 18:45:30.347084,-1.210000,-3.353000
2026-06-15 18:45:30.347173,-1.387000,-3.455000
2026-06-15 18:45:30.354329,-1.441000,-3.480000
2026-06-15 18:45:30.360831,-1.455000,-3.697000
2026-06-15 18:45:30.362420,-1.717000,-3.663000
2026-06-15 18:45:30.368731,-1.486000,-3.461000
2026-06-15 18:45:30.387182,-1.271000,-3.317000
2026-06-15 18:45:30.387780,-1.258000,-3.350000
2026-06-15 18:45:30.387915,-1.365000,-3.439000
2026-06-15 18:45:30.388029,-1.439000,-3.479000
2026-06-15 18:45:30.388145,-1.440000,-3.652000
2026-06-15 18:45:30.392212,-1.724000,-3.665000
2026-06-15 18:45:30.392798,-1.453000,-3.457000
2026-06-15 18:45:30.393275,-1.260000,-3.327000
2026-06-15 18:45:30.393713,-1.230000,-3.363000
2026-06-15 18:45:30.394075,-1.362000,-3.436000
2026-06-15 18:45:30.394483,-1.458000,-3.450000
2026-06-15 18:45:30.394814,-1.432000,-3.664000
2026-06-15 18:45:30.395256,-1.738000,-3.651000
2026-06-15 18:45:30.395612,-1.472000,-3.443000
2026-06-15 18:45:30.411184,-1.288000,-3.290000
2026-06-15 18:45:30.420963,-1.251000,-3.328000
2026-06-15 18:45:30.421578,-1.385000,-3.455000
2026-06-15 18:45:30.434643,-1.411000,-3.450000
2026-06-15 18:45:30.440159,-1.499000,-3.657000
2026-06-15 18:45:30.449769,-1.733000,-3.691000
2026-06-15 18:45:30.451374,-1.458000,-3.435000
2026-06-15 18:45:30.456163,-1.282000,-3.301000
2026-06-15 18:45:30.456784,-1.208000,-3.349000
2026-06-15 18:45:30.457229,-1.372000,-3.442000
2026-06-15 18:45:30.476537,-1.451000,-3.460000
2026-06-15 18:45:30.491574,-1.467000,-3.676000
2026-06-15 18:45:30.493541,-1.729000,-3.625000
2026-06-15 18:45:30.497527,-1.475000,-3.445000
2026-06-15 18:45:30.510602,-1.291000,-3.292000
2026-06-15 18:45:30.523585,-1.226000,-3.353000
2026-06-15 18:45:30.525677,-1.369000,-3.464000
2026-06-15 18:45:30.527892,-1.439000,-3.457000
2026-06-15 18:45:30.532429,-1.454000,-3.644000
2026-06-15 18:45:30.561503,-1.733000,-3.653000
2026-06-15 18:45:30.573546,-1.469000,-3.444000
2026-06-15 18:45:30.581201,-1.309000,-3.306000
2026-06-15 18:45:30.585557,-1.241000,-3.353000
2026-06-15 18:45:30.603621,-1.372000,-3.470000
2026-06-15 18:45:30.604053,-1.435000,-3.475000
2026-06-15 18:45:30.604547,-1.430000,-3.688000
2026-06-15 18:45:30.605253,-1.764000,-3.659000
2026-06-15 18:45:30.605776,-1.465000,-3.455000
2026-06-15 18:45:30.612883,-1.265000,-3.313000
2026-06-15 18:45:30.618082,-1.189000,-3.364000
2026-06-15 18:45:30.619743,-1.355000,-3.478000
2026-06-15 18:45:30.642443,-1.428000,-3.473000
2026-06-15 18:45:30.649131,-1.424000,-3.610000
2026-06-15 18:45:30.650351,-1.721000,-3.648000
2026-06-15 18:45:30.655038,-1.446000,-3.444000
2026-06-15 18:45:30.700951,-1.248000,-3.320000
2026-06-15 18:45:30.712784,-1.217000,-3.345000
2026-06-15 18:45:30.733559,-1.369000,-3.455000
2026-06-15 18:45:30.736842,-1.429000,-3.458000
2026-06-15 18:45:30.744579,-1.439000,-3.643000
2026-06-15 18:45:30.746412,-1.743000,-3.657000
2026-06-15 18:45:30.750325,-1.524000,-3.412000
2026-06-15 18:45:30.752686,-1.321000,-3.314000
2026-06-15 18:45:30.753630,-1.218000,-3.284000
2026-06-15 18:45:30.768344,-1.373000,-3.432000
2026-06-15 18:45:30.779991,-1.447000,-3.465000
2026-06-15 18:45:30.783415,-1.450000,-3.629000
2026-06-15 18:45:30.786681,-1.739000,-3.663000
2026-06-15 18:45:30.809062,-1.464000,-3.430000
2026-06-15 18:45:30.811366,-1.293000,-3.330000
2026-06-15 18:45:30.811686,-1.191000,-3.359000
2026-06-15 18:45:30.818153,-1.360000,-3.443000
2026-06-15 18:45:30.825259,-1.414000,-3.465000
2026-06-15 18:45:30.834014,-1.445000,-3.623000
2026-06-15 18:45:30.834873,-1.772000,-3.652000
2026-06-15 18:45:30.835756,-1.504000,-3.424000
2026-06-15 18:45:30.836534,-1.288000,-3.301000
2026-06-15 18:45:30.837475,-1.219000,-3.326000
2026-06-15 18:45:30.838628,-1.351000,-3.416000
2026-06-15 18:45:30.838910,-1.471000,-3.428000
2026-06-15 18:45:30.839183,-1.449000,-3.665000
2026-06-15 18:45:30.839430,-1.725000,-3.686000
2026-06-15 18:45:30.839672,-1.457000,-3.473000
2026-06-15 18:45:30.839807,-1.242000,-3.323000
2026-06-15 18:45:30.840883,-1.218000,-3.338000
2026-06-15 18:45:30.841372,-1.335000,-3.447000
2026-06-15 18:45:30.849166,-1.436000,-3.479000
2026-06-15 18:45:30.856352,-1.468000,-3.633000
2026-06-15 18:45:30.857556,-1.737000,-3.638000
2026-06-15 18:45:30.859455,-1.494000,-3.434000
2026-06-15 18:45:30.860349,-1.291000,-3.295000
2026-06-15 18:45:30.866101,-1.213000,-3.334000
2026-06-15 18:45:30.869265,-1.332000,-3.481000
2026-06-15 18:45:30.870067,-1.409000,-3.449000
2026-06-15 18:45:30.871211,-1.445000,-3.633000
2026-06-15 18:45:30.873740,-1.692000,-3.649000
2026-06-15 18:45:30.878685,-1.449000,-3.466000
2026-06-15 18:45:30.906791,-1.292000,-3.280000
2026-06-15 18:45:30.918405,-1.196000,-3.346000
2026-06-15 18:45:30.918991,-1.352000,-3.455000
2026-06-15 18:45:30.923110,-1.477000,-3.454000
2026-06-15 18:45:30.928838,-1.456000,-3.666000
2026-06-15 18:45:30.931557,-1.733000,-3.652000
2026-06-15 18:45:30.931709,-1.491000,-3.444000
2026-06-15 18:45:30.933541,-1.286000,-3.286000
2026-06-15 18:45:30.948394,-1.204000,-3.325000
2026-06-15 18:45:30.953042,-1.347000,-3.446000
2026-06-15 18:45:30.953775,-1.428000,-3.489000
2026-06-15 18:45:30.954073,-1.489000,-3.620000
2026-06-15 18:45:30.954420,-1.732000,-3.615000
2026-06-15 18:45:30.954624,-1.467000,-3.458000
2026-06-15 18:45:30.954902,-1.285000,-3.293000
2026-06-15 18:45:30.955175,-1.217000,-3.365000
2026-06-15 18:45:30.955424,-1.342000,-3.444000
2026-06-15 18:45:30.955766,-1.440000,-3.466000
2026-06-15 18:45:30.961419,-1.508000,-3.673000
2026-06-15 18:45:30.965230,-1.767000,-3.692000
2026-06-15 18:45:30.971916,-1.510000,-3.436000
2026-06-15 18:45:30.972255,-1.261000,-3.288000
2026-06-15 18:45:31.006522,-1.284000,-3.304000
2026-06-15 18:45:31.007021,-1.357000,-3.453000
2026-06-15 18:45:31.009654,-1.428000,-3.456000
2026-06-15 18:45:31.017316,-1.452000,-3.654000
2026-06-15 18:45:31.025416,-1.746000,-3.661000
2026-06-15 18:45:31.048317,-1.452000,-3.440000
2026-06-15 18:45:31.052574,-1.281000,-3.303000
2026-06-15 18:45:31.054545,-1.198000,-3.352000
2026-06-15 18:45:31.055219,-1.336000,-3.463000
2026-06-15 18:45:31.056522,-1.430000,-3.456000
2026-06-15 18:45:31.057035,-1.436000,-3.650000
2026-06-15 18:45:31.057426,-1.724000,-3.656000
2026-06-15 18:45:31.058154,-1.503000,-3.445000
2026-06-15 18:45:31.067478,-1.274000,-3.245000
2026-06-15 18:45:31.080225,-1.234000,-3.342000
2026-06-15 18:45:31.082995,-1.335000,-3.438000
2026-06-15 18:45:31.084375,-1.428000,-3.463000
2026-06-15 18:45:31.087766,-1.446000,-3.627000
2026-06-15 18:45:31.097515,-1.735000,-3.675000
2026-06-15 18:45:31.100562,-1.456000,-3.469000
2026-06-15 18:45:31.106832,-1.238000,-3.332000
2026-06-15 18:45:31.114082,-1.180000,-3.346000
2026-06-15 18:45:31.114387,-1.358000,-3.449000
2026-06-15 18:45:31.114675,-1.451000,-3.449000
2026-06-15 18:45:31.114938,-1.488000,-3.637000
2026-06-15 18:45:31.115924,-1.747000,-3.668000
2026-06-15 18:45:31.118608,-1.471000,-3.469000
2026-06-15 18:45:31.120784,-1.271000,-3.310000
2026-06-15 18:45:31.123176,-1.227000,-3.352000
2026-06-15 18:45:31.140014,-1.315000,-3.446000
2026-06-15 18:45:31.145339,-1.387000,-3.474000
2026-06-15 18:45:31.146010,-1.466000,-3.617000
2026-06-15 18:45:31.146148,-1.710000,-3.678000
2026-06-15 18:45:31.146274,-1.485000,-3.439000
2026-06-15 18:45:31.152701,-1.261000,-3.295000
2026-06-15 18:45:31.153205,-1.218000,-3.355000
2026-06-15 18:45:31.154966,-1.339000,-3.437000
2026-06-15 18:45:31.155153,-1.416000,-3.466000
2026-06-15 18:45:31.155286,-1.458000,-3.589000
2026-06-15 18:45:31.155519,-1.765000,-3.640000
2026-06-15 18:45:31.155655,-1.472000,-3.432000
2026-06-15 18:45:31.155778,-1.276000,-3.311000
2026-06-15 18:45:31.159273,-1.216000,-3.345000
2026-06-15 18:45:31.162583,-1.320000,-3.420000
2026-06-15 18:45:31.190502,-1.428000,-3.473000
2026-06-15 18:45:31.199239,-1.437000,-3.568000
2026-06-15 18:45:31.199437,-1.733000,-3.679000
2026-06-15 18:45:31.199561,-1.474000,-3.462000
2026-06-15 18:45:31.199664,-1.249000,-3.321000
2026-06-15 18:45:31.199766,-1.199000,-3.354000
2026-06-15 18:45:31.201507,-1.302000,-3.453000
2026-06-15 18:45:31.210678,-1.435000,-3.488000
2026-06-15 18:45:31.211082,-1.429000,-3.594000
2026-06-15 18:45:31.211219,-1.711000,-3.690000
2026-06-15 18:45:31.212503,-1.469000,-3.476000
2026-06-15 18:45:31.216091,-1.251000,-3.295000
2026-06-15 18:45:31.222202,-1.214000,-3.337000
2026-06-15 18:45:31.222698,-1.330000,-3.454000
2026-06-15 18:45:31.223050,-1.416000,-3.483000
2026-06-15 18:45:31.227227,-1.442000,-3.614000
2026-06-15 18:45:31.242307,-1.693000,-3.692000
2026-06-15 18:45:31.245230,-1.441000,-3.501000
2026-06-15 18:45:31.245691,-1.222000,-3.298000
2026-06-15 18:45:31.251216,-1.160000,-3.377000
2026-06-15 18:45:31.271925,-1.322000,-3.488000
2026-06-15 18:45:31.278184,-1.374000,-3.488000
2026-06-15 18:45:31.284322,-1.440000,-3.597000
2026-06-15 18:45:31.290281,-1.695000,-3.686000
2026-06-15 18:45:31.293328,-1.454000,-3.455000
2026-06-15 18:45:31.296411,-1.299000,-3.321000
2026-06-15 18:45:31.296680,-1.208000,-3.354000
2026-06-15 18:45:31.296841,-1.329000,-3.468000
2026-06-15 18:45:31.297032,-1.411000,-3.495000
2026-06-15 18:45:31.297368,-1.424000,-3.633000
2026-06-15 18:45:31.297769,-1.699000,-3.676000
2026-06-15 18:45:31.298251,-1.457000,-3.466000
2026-06-15 18:45:31.298655,-1.273000,-3.308000
2026-06-15 18:45:31.299030,-1.246000,-3.333000
2026-06-15 18:45:31.299412,-1.297000,-3.442000
2026-06-15 18:45:31.299787,-1.401000,-3.484000
2026-06-15 18:45:31.313174,-1.411000,-3.597000
2026-06-15 18:45:31.317809,-1.733000,-3.701000
2026-06-15 18:45:31.322808,-1.464000,-3.492000
2026-06-15 18:45:31.327307,-1.239000,-3.320000
2026-06-15 18:45:31.329435,-1.212000,-3.338000
2026-06-15 18:45:31.335427,-1.305000,-3.427000
2026-06-15 18:45:31.343360,-1.436000,-3.484000
2026-06-15 18:45:31.343708,-1.431000,-3.591000
2026-06-15 18:45:31.343999,-1.755000,-3.664000
2026-06-15 18:45:31.344576,-1.461000,-3.463000
2026-06-15 18:45:31.347284,-1.235000,-3.312000
2026-06-15 18:45:31.349783,-1.163000,-3.354000
2026-06-15 18:45:31.354714,-1.311000,-3.453000
2026-06-15 18:45:31.359439,-1.428000,-3.473000
2026-06-15 18:45:31.365524,-1.413000,-3.615000
2026-06-15 18:45:31.374973,-1.723000,-3.713000
2026-06-15 18:45:31.390865,-1.430000,-3.448000
2026-06-15 18:45:31.398954,-1.218000,-3.291000
2026-06-15 18:45:31.421001,-1.121000,-3.366000
2026-06-15 18:45:31.421332,-1.260000,-3.502000
2026-06-15 18:45:31.428124,-1.261000,-3.532000
2026-06-15 18:45:31.430492,-1.234000,-3.695000
2026-06-15 18:45:31.431325,-1.417000,-3.901000
2026-06-15 18:45:31.433844,-1.100000,-3.749000
2026-06-15 18:45:31.465397,-0.774000,-3.679000
2026-06-15 18:45:31.475448,-0.652000,-3.813000
2026-06-15 18:45:31.478082,-0.656000,-4.023000
2026-06-15 18:45:31.490433,-0.656000,-4.122000
2026-06-15 18:45:31.513471,-0.588000,-4.311000
2026-06-15 18:45:31.516604,-0.812000,-4.458000
2026-06-15 18:45:31.529296,-0.499000,-4.315000
2026-06-15 18:45:31.568280,-0.240000,-4.196000
2026-06-15 18:45:31.577201,-0.163000,-4.224000
2026-06-15 18:45:31.592881,-0.300000,-4.339000
2026-06-15 18:45:31.596934,-0.386000,-4.328000
2026-06-15 18:45:31.608089,-0.408000,-4.410000
2026-06-15 18:45:31.608578,-0.731000,-4.480000
2026-06-15 18:45:31.623201,-0.530000,-4.195000
2026-06-15 18:45:31.630384,-0.391000,-3.967000
2026-06-15 18:45:31.650541,-0.389000,-3.972000
2026-06-15 18:45:31.655027,-0.495000,-4.094000
2026-06-15 18:45:31.665667,-0.656000,-4.080000
2026-06-15 18:45:31.666478,-0.646000,-4.224000
2026-06-15 18:45:31.667358,-0.960000,-4.357000
2026-06-15 18:45:31.668110,-0.641000,-4.135000
2026-06-15 18:45:31.668958,-0.378000,-4.011000
2026-06-15 18:45:31.680114,-0.282000,-4.100000
2026-06-15 18:45:31.680656,-0.436000,-4.181000
2026-06-15 18:45:31.682913,-0.477000,-4.225000
2026-06-15 18:45:31.686950,-0.507000,-4.286000
2026-06-15 18:45:31.687633,-0.821000,-4.385000
2026-06-15 18:45:31.688728,-0.598000,-4.172000
2026-06-15 18:45:31.689755,-0.400000,-3.986000
2026-06-15 18:45:31.690535,-0.412000,-4.000000
2026-06-15 18:45:31.691027,-0.491000,-4.085000
2026-06-15 18:45:31.691463,-0.606000,-4.121000
2026-06-15 18:45:31.691771,-0.655000,-4.184000
2026-06-15 18:45:31.714680,-0.908000,-4.340000
2026-06-15 18:45:31.715615,-0.651000,-4.128000
2026-06-15 18:45:31.717189,-0.412000,-3.989000
2026-06-15 18:45:31.717938,-0.373000,-4.061000
2026-06-15 18:45:31.736356,-0.427000,-4.189000
2026-06-15 18:45:31.737407,-0.504000,-4.209000
2026-06-15 18:45:31.747122,-0.528000,-4.265000
2026-06-15 18:45:31.752876,-0.849000,-4.403000
2026-06-15 18:45:31.763399,-0.678000,-4.166000
2026-06-15 18:45:31.772516,-0.445000,-3.988000
2026-06-15 18:45:31.779219,-0.409000,-4.018000
2026-06-15 18:45:31.790247,-0.498000,-4.104000
2026-06-15 18:45:31.822620,-0.604000,-4.116000
2026-06-15 18:45:31.830781,-0.610000,-4.166000
2026-06-15 18:45:31.836001,-0.932000,-4.317000
2026-06-15 18:45:31.852585,-0.664000,-4.154000
2026-06-15 18:45:31.872409,-0.427000,-3.996000
2026-06-15 18:45:31.881249,-0.374000,-4.075000
2026-06-15 18:45:31.884069,-0.443000,-4.137000
2026-06-15 18:45:31.884573,-0.577000,-4.202000
2026-06-15 18:45:31.893979,-0.593000,-4.212000
2026-06-15 18:45:31.912228,-0.881000,-4.378000
2026-06-15 18:45:31.912740,-0.657000,-4.129000
2026-06-15 18:45:31.913117,-0.440000,-3.915000
2026-06-15 18:45:31.920159,-0.441000,-3.993000
2026-06-15 18:45:31.928383,-0.463000,-4.089000
2026-06-15 18:45:31.937748,-0.589000,-4.148000
2026-06-15 18:45:31.956580,-0.593000,-4.192000
2026-06-15 18:45:31.973499,-0.894000,-4.334000
2026-06-15 18:45:31.986596,-0.663000,-4.156000
2026-06-15 18:45:31.989427,-0.435000,-3.919000
2026-06-15 18:45:31.991735,-0.445000,-4.007000
2026-06-15 18:45:31.997522,-0.449000,-4.125000
2026-06-15 18:45:32.000762,-0.591000,-4.101000
2026-06-15 18:45:32.010209,-0.659000,-4.190000
2026-06-15 18:45:32.020366,-0.918000,-4.330000
2026-06-15 18:45:32.020613,-0.714000,-4.139000
2026-06-15 18:45:32.020759,-0.440000,-3.956000
2026-06-15 18:45:32.049338,-0.450000,-3.951000
2026-06-15 18:45:32.069439,-0.519000,-4.014000
2026-06-15 18:45:32.098377,-0.643000,-4.012000
2026-06-15 18:45:32.100405,-0.684000,-4.041000
2026-06-15 18:45:32.105368,-0.975000,-4.164000
2026-06-15 18:45:32.120062,-0.760000,-3.919000
2026-06-15 18:45:32.121107,-0.561000,-3.754000
2026-06-15 18:45:32.135604,-0.566000,-3.741000
2026-06-15 18:45:32.136187,-0.569000,-3.768000
2026-06-15 18:45:32.136441,-0.687000,-3.682000
2026-06-15 18:45:32.136996,-0.576000,-3.680000
2026-06-15 18:45:32.138089,-0.816000,-3.732000
2026-06-15 18:45:32.138822,-0.553000,-3.404000
2026-06-15 18:45:32.139286,-0.291000,-3.165000
2026-06-15 18:45:32.140572,-0.278000,-3.113000
2026-06-15 18:45:32.149551,-0.306000,-3.144000
2026-06-15 18:45:32.154858,-0.383000,-3.091000
2026-06-15 18:45:32.159244,-0.366000,-2.896000
2026-06-15 18:45:32.178064,-0.723000,-2.998000
2026-06-15 18:45:32.187767,-0.483000,-2.625000
2026-06-15 18:45:32.191052,-0.245000,-2.366000
2026-06-15 18:45:32.191329,-0.262000,-2.272000
2026-06-15 18:45:32.191512,-0.257000,-2.297000
2026-06-15 18:45:32.191661,-0.263000,-2.139000
2026-06-15 18:45:32.191805,-0.244000,-1.947000
2026-06-15 18:45:32.192009,-0.504000,-1.913000
2026-06-15 18:45:32.192195,-0.284000,-1.537000
2026-06-15 18:45:32.192368,-0.080000,-1.221000
2026-06-15 18:45:32.192507,-0.124000,-1.185000
2026-06-15 18:45:32.192669,-0.103000,-1.264000
2026-06-15 18:45:32.192816,-0.193000,-1.189000
2026-06-15 18:45:32.210078,-0.155000,-1.041000
2026-06-15 18:45:32.226805,-0.422000,-1.048000
2026-06-15 18:45:32.227120,-0.232000,-0.650000
2026-06-15 18:45:32.227276,-0.066000,-0.346000
2026-06-15 18:45:32.227421,-0.089000,-0.315000
2026-06-15 18:45:32.227532,-0.077000,-0.363000
2026-06-15 18:45:32.227646,-0.149000,-0.315000
2026-06-15 18:45:32.227758,-0.192000,-0.205000
2026-06-15 18:45:32.242399,-0.457000,-0.229000
2026-06-15 18:45:32.243286,-0.272000,0.163000
2026-06-15 18:45:32.246300,-0.079000,0.452000
2026-06-15 18:45:32.247469,-0.078000,0.548000
2026-06-15 18:45:32.269222,-0.089000,0.439000
2026-06-15 18:45:32.270361,-0.192000,0.422000
2026-06-15 18:45:32.271011,-0.207000,0.441000
2026-06-15 18:45:32.271472,-0.536000,0.269000
2026-06-15 18:45:32.272079,-0.248000,0.585000
2026-06-15 18:45:32.278995,0.006000,0.828000
2026-06-15 18:45:32.299643,-0.002000,0.818000
2026-06-15 18:45:32.308670,-0.026000,0.660000
2026-06-15 18:45:32.315939,-0.145000,0.568000
2026-06-15 18:45:32.319626,-0.183000,0.529000
2026-06-15 18:45:32.327271,-0.461000,0.289000
2026-06-15 18:45:32.331036,-0.250000,0.519000
2026-06-15 18:45:32.336826,-0.044000,0.725000
2026-06-15 18:45:32.336995,-0.006000,0.735000
2026-06-15 18:45:32.337154,-0.057000,0.586000
2026-06-15 18:45:32.337284,-0.190000,0.527000
2026-06-15 18:45:32.337426,-0.185000,0.497000
2026-06-15 18:45:32.337818,-0.487000,0.216000
2026-06-15 18:45:32.338036,-0.286000,0.469000
2026-06-15 18:45:32.338216,-0.088000,0.629000
2026-06-15 18:45:32.338394,-0.077000,0.658000
2026-06-15 18:45:32.338567,-0.030000,0.506000
2026-06-15 18:45:32.338744,-0.125000,0.462000
2026-06-15 18:45:32.342677,-0.122000,0.420000
2026-06-15 18:45:32.344177,-0.407000,0.145000
2026-06-15 18:45:32.352016,-0.199000,0.384000
2026-06-15 18:45:32.358719,0.027000,0.555000
2026-06-15 18:45:32.365558,0.051000,0.612000
2026-06-15 18:45:32.368415,0.026000,0.492000
2026-06-15 18:45:32.372666,-0.127000,0.463000
2026-06-15 18:45:32.373905,-0.174000,0.400000
2026-06-15 18:45:32.385900,-0.432000,0.135000
2026-06-15 18:45:32.396450,-0.237000,0.371000
2026-06-15 18:45:32.408756,-0.022000,0.553000
2026-06-15 18:45:32.409897,0.000000,0.617000
2026-06-15 18:45:32.410880,-0.037000,0.486000
2026-06-15 18:45:32.418859,-0.176000,0.434000
2026-06-15 18:45:32.419066,-0.169000,0.460000
2026-06-15 18:45:32.419181,-0.489000,0.167000
2026-06-15 18:45:32.419287,-0.293000,0.363000
2026-06-15 18:45:32.419395,-0.090000,0.525000
2026-06-15 18:45:32.419498,-0.015000,0.646000
2026-06-15 18:45:32.419600,-0.109000,0.486000
2026-06-15 18:45:32.419700,-0.186000,0.447000
2026-06-15 18:45:32.425162,-0.151000,0.407000
2026-06-15 18:45:32.429660,-0.450000,0.157000
2026-06-15 18:45:32.431230,-0.295000,0.369000
2026-06-15 18:45:32.433092,-0.086000,0.488000
2026-06-15 18:45:32.434529,0.010000,0.581000
2026-06-15 18:45:32.435879,-0.026000,0.433000
2026-06-15 18:45:32.437370,-0.187000,0.419000
2026-06-15 18:45:32.440084,-0.175000,0.402000
2026-06-15 18:45:32.456421,-0.496000,0.131000
2026-06-15 18:45:32.459786,-0.275000,0.324000
2026-06-15 18:45:32.470217,-0.062000,0.479000
2026-06-15 18:45:32.474673,0.035000,0.546000
2026-06-15 18:45:32.476597,-0.053000,0.426000
2026-06-15 18:45:32.483777,-0.134000,0.401000
2026-06-15 18:45:32.498736,-0.224000,0.408000
2026-06-15 18:45:32.499944,-0.463000,0.128000
2026-06-15 18:45:32.502223,-0.290000,0.348000
2026-06-15 18:45:32.503931,-0.099000,0.504000
2026-06-15 18:45:32.504466,0.009000,0.566000
2026-06-15 18:45:32.504885,-0.049000,0.435000
2026-06-15 18:45:32.509141,-0.181000,0.415000
2026-06-15 18:45:32.510408,-0.203000,0.395000
2026-06-15 18:45:32.511431,-0.459000,0.118000
2026-06-15 18:45:32.519693,-0.309000,0.326000
2026-06-15 18:45:32.519963,-0.127000,0.484000
2026-06-15 18:45:32.529680,-0.026000,0.482000
2026-06-15 18:45:32.533302,-0.049000,0.378000
2026-06-15 18:45:32.536042,-0.154000,0.345000
2026-06-15 18:45:32.536851,-0.170000,0.362000
2026-06-15 18:45:32.537797,-0.439000,0.070000
2026-06-15 18:45:32.538109,-0.323000,0.294000
2026-06-15 18:45:32.538814,-0.109000,0.461000
2026-06-15 18:45:32.543148,0.002000,0.550000
2026-06-15 18:45:32.550887,-0.012000,0.387000
2026-06-15 18:45:32.564693,-0.159000,0.378000
2026-06-15 18:45:32.565448,-0.211000,0.381000
2026-06-15 18:45:32.566999,-0.489000,0.088000
2026-06-15 18:45:32.572639,-0.342000,0.311000
2026-06-15 18:45:32.573319,-0.115000,0.453000
2026-06-15 18:45:32.575547,0.010000,0.499000
2026-06-15 18:45:32.575772,-0.024000,0.391000
2026-06-15 18:45:32.575973,-0.166000,0.344000
2026-06-15 18:45:32.579886,-0.192000,0.384000
2026-06-15 18:45:32.580382,-0.477000,0.102000
2026-06-15 18:45:32.587594,-0.366000,0.309000
2026-06-15 18:45:32.607935,-0.130000,0.437000
2026-06-15 18:45:32.611638,-0.002000,0.509000
2026-06-15 18:45:32.612245,-0.020000,0.339000
2026-06-15 18:45:32.613651,-0.152000,0.322000
2026-06-15 18:45:32.620498,-0.164000,0.349000
2026-06-15 18:45:32.625841,-0.435000,0.068000
2026-06-15 18:45:32.627496,-0.331000,0.285000
2026-06-15 18:45:32.627962,-0.126000,0.482000
2026-06-15 18:45:32.631106,0.006000,0.508000
2026-06-15 18:45:32.635251,-0.043000,0.374000
2026-06-15 18:45:32.637151,-0.171000,0.321000
2026-06-15 18:45:32.639087,-0.250000,0.370000
2026-06-15 18:45:32.639633,-0.486000,0.066000
2026-06-15 18:45:32.657448,-0.368000,0.292000
2026-06-15 18:45:32.658278,-0.144000,0.463000
2026-06-15 18:45:32.658739,0.010000,0.463000
2026-06-15 18:45:32.659393,-0.072000,0.372000
2026-06-15 18:45:32.661919,-0.145000,0.309000
2026-06-15 18:45:32.662522,-0.169000,0.291000
2026-06-15 18:45:32.670683,-0.374000,0.033000
2026-06-15 18:45:32.678759,-0.365000,0.246000
2026-06-15 18:45:32.685781,-0.122000,0.446000
2026-06-15 18:45:32.687014,0.021000,0.455000
2026-06-15 18:45:32.687513,-0.004000,0.378000
2026-06-15 18:45:32.696966,-0.160000,0.312000
2026-06-15 18:45:32.697153,-0.185000,0.302000
2026-06-15 18:45:32.697260,-0.415000,0.032000
2026-06-15 18:45:32.698189,-0.411000,0.260000
2026-06-15 18:45:32.698389,-0.158000,0.452000
2026-06-15 18:45:32.698498,-0.006000,0.469000
2026-06-15 18:45:32.698606,-0.026000,0.355000
2026-06-15 18:45:32.698753,-0.158000,0.299000
2026-06-15 18:45:32.704879,-0.262000,0.304000
2026-06-15 18:45:32.711420,-0.396000,0.024000
2026-06-15 18:45:32.721184,-0.402000,0.251000
2026-06-15 18:45:32.723241,-0.151000,0.431000
2026-06-15 18:45:32.728856,0.047000,0.444000
2026-06-15 18:45:32.730999,0.000000,0.357000
2026-06-15 18:45:32.762114,-0.133000,0.269000
2026-06-15 18:45:32.766080,-0.203000,0.300000
2026-06-15 18:45:32.771357,-0.389000,0.043000
2026-06-15 18:45:32.771553,-0.403000,0.233000
2026-06-15 18:45:32.771675,-0.163000,0.444000
2026-06-15 18:45:32.771792,-0.006000,0.417000
2026-06-15 18:45:32.783335,-0.054000,0.374000
2026-06-15 18:45:32.784087,-0.181000,0.317000
2026-06-15 18:45:32.787438,-0.208000,0.290000
2026-06-15 18:45:32.793554,-0.354000,0.005000
2026-06-15 18:45:32.795027,-0.414000,0.224000
2026-06-15 18:45:32.801466,-0.181000,0.437000
2026-06-15 18:45:32.810514,0.002000,0.387000
2026-06-15 18:45:32.820541,-0.017000,0.380000
2026-06-15 18:45:32.835112,-0.179000,0.266000
2026-06-15 18:45:32.840693,-0.186000,0.284000
2026-06-15 18:45:32.843904,-0.345000,-0.012000
2026-06-15 18:45:32.844479,-0.440000,0.220000
2026-06-15 18:45:32.844865,-0.190000,0.423000
2026-06-15 18:45:32.848341,0.015000,0.431000
2026-06-15 18:45:32.856213,-0.031000,0.380000
2026-06-15 18:45:32.856495,-0.182000,0.284000
2026-06-15 18:45:32.857077,-0.219000,0.283000
2026-06-15 18:45:32.871999,-0.306000,-0.001000
2026-06-15 18:45:32.873535,-0.413000,0.211000
2026-06-15 18:45:32.881929,-0.193000,0.434000
2026-06-15 18:45:32.886621,-0.009000,0.411000
2026-06-15 18:45:32.887061,-0.082000,0.371000
2026-06-15 18:45:32.889172,-0.195000,0.272000
2026-06-15 18:45:32.892321,-0.214000,0.266000
2026-06-15 18:45:32.916285,-0.324000,-0.017000
2026-06-15 18:45:32.917612,-0.424000,0.168000
2026-06-15 18:45:32.918063,-0.185000,0.389000
2026-06-15 18:45:32.924499,-0.012000,0.392000
2026-06-15 18:45:32.926239,-0.049000,0.350000
2026-06-15 18:45:32.926806,-0.141000,0.277000
2026-06-15 18:45:32.956358,-0.186000,0.262000
2026-06-15 18:45:32.962113,-0.266000,-0.017000
2026-06-15 18:45:32.966306,-0.409000,0.163000
