timestamp,step,target_angle_deg,target_mag_N,sweep_dir,cycle,T1,T3,tau1,tau2,feasible
2026-06-19 12:50:14.230671,0,-129.122,5.000,asc,0,4.9784,0.4358,-0.1643,0.0144,1
2026-06-19 12:50:16.135432,1,-129.122,10.000,asc,0,9.9568,0.8716,-0.3286,0.0288,1
2026-06-19 12:50:18.090108,2,-129.122,15.000,asc,0,14.9352,1.3074,-0.4929,0.0431,1
2026-06-19 12:50:20.083730,3,-129.122,24.000,asc,0,23.8963,2.0918,-0.7886,0.0690,1
2026-06-19 12:50:22.084056,4,-129.122,24.000,desc,0,23.8963,2.0918,-0.7886,0.0690,1
2026-06-19 12:50:24.083970,5,-129.122,15.000,desc,0,14.9352,1.3074,-0.4929,0.0431,1
2026-06-19 12:50:26.084914,6,-129.122,10.000,desc,0,9.9568,0.8716,-0.3286,0.0288,1
2026-06-19 12:50:28.083687,7,-129.122,5.000,desc,0,4.9784,0.4358,-0.1643,0.0144,1
2026-06-19 12:50:30.085060,8,-129.122,5.000,asc,1,4.9784,0.4358,-0.1643,0.0144,1
2026-06-19 12:50:32.085293,9,-129.122,10.000,asc,1,9.9568,0.8716,-0.3286,0.0288,1
2026-06-19 12:50:34.082836,10,-129.122,15.000,asc,1,14.9352,1.3074,-0.4929,0.0431,1
2026-06-19 12:50:36.083454,11,-129.122,24.000,asc,1,23.8963,2.0918,-0.7886,0.0690,1
2026-06-19 12:50:38.085288,12,-129.122,24.000,desc,1,23.8963,2.0918,-0.7886,0.0690,1
2026-06-19 12:50:40.083457,13,-129.122,15.000,desc,1,14.9352,1.3074,-0.4929,0.0431,1
2026-06-19 12:50:42.083368,14,-129.122,10.000,desc,1,9.9568,0.8716,-0.3286,0.0288,1
2026-06-19 12:50:44.083092,15,-129.122,5.000,desc,1,4.9784,0.4358,-0.1643,0.0144,1
2026-06-19 12:50:46.083457,16,-129.122,5.000,asc,2,4.9784,0.4358,-0.1643,0.0144,1
2026-06-19 12:50:48.087608,17,-129.122,10.000,asc,2,9.9568,0.8716,-0.3286,0.0288,1
2026-06-19 12:50:50.082976,18,-129.122,15.000,asc,2,14.9352,1.3074,-0.4929,0.0431,1
2026-06-19 12:50:52.087650,19,-129.122,24.000,asc,2,23.8963,2.0918,-0.7886,0.0690,1
2026-06-19 12:50:54.083663,20,-129.122,24.000,desc,2,23.8963,2.0918,-0.7886,0.0690,1
2026-06-19 12:50:56.083896,21,-129.122,15.000,desc,2,14.9352,1.3074,-0.4929,0.0431,1
2026-06-19 12:50:58.083349,22,-129.122,10.000,desc,2,9.9568,0.8716,-0.3286,0.0288,1
2026-06-19 12:51:00.083178,23,-129.122,5.000,desc,2,4.9784,0.4358,-0.1643,0.0144,1
2026-06-19 12:51:02.085675,24,-129.122,5.000,asc,3,4.9784,0.4358,-0.1643,0.0144,1
2026-06-19 12:51:04.083654,25,-129.122,10.000,asc,3,9.9568,0.8716,-0.3286,0.0288,1
2026-06-19 12:51:06.084438,26,-129.122,15.000,asc,3,14.9352,1.3074,-0.4929,0.0431,1
2026-06-19 12:51:08.082884,27,-129.122,24.000,asc,3,23.8963,2.0918,-0.7886,0.0690,1
2026-06-19 12:51:10.084519,28,-129.122,24.000,desc,3,23.8963,2.0918,-0.7886,0.0690,1
2026-06-19 12:51:12.083687,29,-129.122,15.000,desc,3,14.9352,1.3074,-0.4929,0.0431,1
2026-06-19 12:51:14.087903,30,-129.122,10.000,desc,3,9.9568,0.8716,-0.3286,0.0288,1
2026-06-19 12:51:16.083933,31,-129.122,5.000,desc,3,4.9784,0.4358,-0.1643,0.0144,1
2026-06-19 12:51:18.083505,32,-129.122,5.000,asc,4,4.9784,0.4358,-0.1643,0.0144,1
2026-06-19 12:51:20.088022,33,-129.122,10.000,asc,4,9.9568,0.8716,-0.3286,0.0288,1
2026-06-19 12:51:22.085705,34,-129.122,15.000,asc,4,14.9352,1.3074,-0.4929,0.0431,1
2026-06-19 12:51:24.083596,35,-129.122,24.000,asc,4,23.8963,2.0918,-0.7886,0.0690,1
2026-06-19 12:51:26.083027,36,-129.122,24.000,desc,4,23.8963,2.0918,-0.7886,0.0690,1
2026-06-19 12:51:28.083268,37,-129.122,15.000,desc,4,14.9352,1.3074,-0.4929,0.0431,1
2026-06-19 12:51:30.085586,38,-129.122,10.000,desc,4,9.9568,0.8716,-0.3286,0.0288,1
2026-06-19 12:51:32.083878,39,-129.122,5.000,desc,4,4.9784,0.4358,-0.1643,0.0144,1
2026-06-19 12:51:34.082991,40,-115.845,5.000,asc,0,4.7385,1.5681,-0.1564,0.0517,1
2026-06-19 12:51:36.088960,41,-115.845,10.000,asc,0,9.4770,3.1362,-0.3127,0.1035,1
2026-06-19 12:51:38.084722,42,-115.845,15.000,asc,0,14.2155,4.7043,-0.4691,0.1552,1
2026-06-19 12:51:40.083312,43,-115.845,24.000,asc,0,22.7448,7.5268,-0.7506,0.2484,1
2026-06-19 12:51:42.089315,44,-115.845,24.000,desc,0,22.7448,7.5268,-0.7506,0.2484,1
2026-06-19 12:51:44.084645,45,-115.845,15.000,desc,0,14.2155,4.7043,-0.4691,0.1552,1
2026-06-19 12:51:46.083221,46,-115.845,10.000,desc,0,9.4770,3.1362,-0.3127,0.1035,1
2026-06-19 12:51:48.087170,47,-115.845,5.000,desc,0,4.7385,1.5681,-0.1564,0.0517,1
2026-06-19 12:51:50.082877,48,-115.845,5.000,asc,1,4.7385,1.5681,-0.1564,0.0517,1
2026-06-19 12:51:52.086535,49,-115.845,10.000,asc,1,9.4770,3.1362,-0.3127,0.1035,1
2026-06-19 12:51:54.083325,50,-115.845,15.000,asc,1,14.2155,4.7043,-0.4691,0.1552,1
2026-06-19 12:51:56.088930,51,-115.845,24.000,asc,1,22.7448,7.5268,-0.7506,0.2484,1
2026-06-19 12:51:58.083083,52,-115.845,24.000,desc,1,22.7448,7.5268,-0.7506,0.2484,1
2026-06-19 12:52:00.084039,53,-115.845,15.000,desc,1,14.2155,4.7043,-0.4691,0.1552,1
2026-06-19 12:52:02.089739,54,-115.845,10.000,desc,1,9.4770,3.1362,-0.3127,0.1035,1
2026-06-19 12:52:04.088747,55,-115.845,5.000,desc,1,4.7385,1.5681,-0.1564,0.0517,1
2026-06-19 12:52:06.083925,56,-115.845,5.000,asc,2,4.7385,1.5681,-0.1564,0.0517,1
2026-06-19 12:52:08.083483,57,-115.845,10.000,asc,2,9.4770,3.1362,-0.3127,0.1035,1
2026-06-19 12:52:10.085271,58,-115.845,15.000,asc,2,14.2155,4.7043,-0.4691,0.1552,1
2026-06-19 12:52:12.084068,59,-115.845,24.000,asc,2,22.7448,7.5268,-0.7506,0.2484,1
2026-06-19 12:52:14.086417,60,-115.845,24.000,desc,2,22.7448,7.5268,-0.7506,0.2484,1
2026-06-19 12:52:16.084402,61,-115.845,15.000,desc,2,14.2155,4.7043,-0.4691,0.1552,1
2026-06-19 12:52:18.087857,62,-115.845,10.000,desc,2,9.4770,3.1362,-0.3127,0.1035,1
2026-06-19 12:52:20.087890,63,-115.845,5.000,desc,2,4.7385,1.5681,-0.1564,0.0517,1
2026-06-19 12:52:22.083499,64,-115.845,5.000,asc,3,4.7385,1.5681,-0.1564,0.0517,1
2026-06-19 12:52:24.083220,65,-115.845,10.000,asc,3,9.4770,3.1362,-0.3127,0.1035,1
2026-06-19 12:52:26.083711,66,-115.845,15.000,asc,3,14.2155,4.7043,-0.4691,0.1552,1
2026-06-19 12:52:28.084142,67,-115.845,24.000,asc,3,22.7448,7.5268,-0.7506,0.2484,1
2026-06-19 12:52:30.088727,68,-115.845,24.000,desc,3,22.7448,7.5268,-0.7506,0.2484,1
2026-06-19 12:52:32.083593,69,-115.845,15.000,desc,3,14.2155,4.7043,-0.4691,0.1552,1
2026-06-19 12:52:34.083912,70,-115.845,10.000,desc,3,9.4770,3.1362,-0.3127,0.1035,1
2026-06-19 12:52:36.083724,71,-115.845,5.000,desc,3,4.7385,1.5681,-0.1564,0.0517,1
2026-06-19 12:52:38.083174,72,-115.845,5.000,asc,4,4.7385,1.5681,-0.1564,0.0517,1
2026-06-19 12:52:40.084039,73,-115.845,10.000,asc,4,9.4770,3.1362,-0.3127,0.1035,1
2026-06-19 12:52:42.083062,74,-115.845,15.000,asc,4,14.2155,4.7043,-0.4691,0.1552,1
2026-06-19 12:52:44.083319,75,-115.845,24.000,asc,4,22.7448,7.5268,-0.7506,0.2484,1
2026-06-19 12:52:46.084361,76,-115.845,24.000,desc,4,22.7448,7.5268,-0.7506,0.2484,1
2026-06-19 12:52:48.083462,77,-115.845,15.000,desc,4,14.2155,4.7043,-0.4691,0.1552,1
2026-06-19 12:52:50.083819,78,-115.845,10.000,desc,4,9.4770,3.1362,-0.3127,0.1035,1
2026-06-19 12:52:52.083563,79,-115.845,5.000,desc,4,4.7385,1.5681,-0.1564,0.0517,1
2026-06-19 12:52:54.083335,80,-102.568,5.000,asc,0,4.2453,2.6166,-0.1401,0.0863,1
2026-06-19 12:52:56.084357,81,-102.568,10.000,asc,0,8.4906,5.2331,-0.2802,0.1727,1
2026-06-19 12:52:58.082870,82,-102.568,15.000,asc,0,12.7359,7.8497,-0.4203,0.2590,1
2026-06-19 12:53:00.083883,83,-102.568,24.000,asc,0,20.3775,12.5595,-0.6725,0.4145,1
2026-06-19 12:53:02.083084,84,-102.568,24.000,desc,0,20.3775,12.5595,-0.6725,0.4145,1
2026-06-19 12:53:04.083430,85,-102.568,15.000,desc,0,12.7359,7.8497,-0.4203,0.2590,1
2026-06-19 12:53:06.083551,86,-102.568,10.000,desc,0,8.4906,5.2331,-0.2802,0.1727,1
2026-06-19 12:53:08.083746,87,-102.568,5.000,desc,0,4.2453,2.6166,-0.1401,0.0863,1
2026-06-19 12:53:10.083253,88,-102.568,5.000,asc,1,4.2453,2.6166,-0.1401,0.0863,1
2026-06-19 12:53:12.083665,89,-102.568,10.000,asc,1,8.4906,5.2331,-0.2802,0.1727,1
2026-06-19 12:53:14.083646,90,-102.568,15.000,asc,1,12.7359,7.8497,-0.4203,0.2590,1
2026-06-19 12:53:16.083667,91,-102.568,24.000,asc,1,20.3775,12.5595,-0.6725,0.4145,1
2026-06-19 12:53:18.083753,92,-102.568,24.000,desc,1,20.3775,12.5595,-0.6725,0.4145,1
2026-06-19 12:53:20.083442,93,-102.568,15.000,desc,1,12.7359,7.8497,-0.4203,0.2590,1
2026-06-19 12:53:22.083432,94,-102.568,10.000,desc,1,8.4906,5.2331,-0.2802,0.1727,1
2026-06-19 12:53:24.083206,95,-102.568,5.000,desc,1,4.2453,2.6166,-0.1401,0.0863,1
2026-06-19 12:53:26.083866,96,-102.568,5.000,asc,2,4.2453,2.6166,-0.1401,0.0863,1
2026-06-19 12:53:28.092217,97,-102.568,10.000,asc,2,8.4906,5.2331,-0.2802,0.1727,1
2026-06-19 12:53:30.084412,98,-102.568,15.000,asc,2,12.7359,7.8497,-0.4203,0.2590,1
2026-06-19 12:53:32.083277,99,-102.568,24.000,asc,2,20.3775,12.5595,-0.6725,0.4145,1
2026-06-19 12:53:34.083296,100,-102.568,24.000,desc,2,20.3775,12.5595,-0.6725,0.4145,1
2026-06-19 12:53:36.083230,101,-102.568,15.000,desc,2,12.7359,7.8497,-0.4203,0.2590,1
2026-06-19 12:53:38.083527,102,-102.568,10.000,desc,2,8.4906,5.2331,-0.2802,0.1727,1
2026-06-19 12:53:40.083259,103,-102.568,5.000,desc,2,4.2453,2.6166,-0.1401,0.0863,1
2026-06-19 12:53:42.083659,104,-102.568,5.000,asc,3,4.2453,2.6166,-0.1401,0.0863,1
2026-06-19 12:53:44.087107,105,-102.568,10.000,asc,3,8.4906,5.2331,-0.2802,0.1727,1
2026-06-19 12:53:46.086230,106,-102.568,15.000,asc,3,12.7359,7.8497,-0.4203,0.2590,1
2026-06-19 12:53:48.083385,107,-102.568,24.000,asc,3,20.3775,12.5595,-0.6725,0.4145,1
2026-06-19 12:53:50.113522,108,-102.568,24.000,desc,3,20.3775,12.5595,-0.6725,0.4145,1
2026-06-19 12:53:52.083014,109,-102.568,15.000,desc,3,12.7359,7.8497,-0.4203,0.2590,1
2026-06-19 12:53:54.088133,110,-102.568,10.000,desc,3,8.4906,5.2331,-0.2802,0.1727,1
2026-06-19 12:53:56.083623,111,-102.568,5.000,desc,3,4.2453,2.6166,-0.1401,0.0863,1
2026-06-19 12:53:58.085569,112,-102.568,5.000,asc,4,4.2453,2.6166,-0.1401,0.0863,1
2026-06-19 12:54:00.084043,113,-102.568,10.000,asc,4,8.4906,5.2331,-0.2802,0.1727,1
2026-06-19 12:54:02.088334,114,-102.568,15.000,asc,4,12.7359,7.8497,-0.4203,0.2590,1
2026-06-19 12:54:04.083227,115,-102.568,24.000,asc,4,20.3775,12.5595,-0.6725,0.4145,1
2026-06-19 12:54:06.083639,116,-102.568,24.000,desc,4,20.3775,12.5595,-0.6725,0.4145,1
2026-06-19 12:54:08.083092,117,-102.568,15.000,desc,4,12.7359,7.8497,-0.4203,0.2590,1
2026-06-19 12:54:10.082928,118,-102.568,10.000,desc,4,8.4906,5.2331,-0.2802,0.1727,1
2026-06-19 12:54:12.088053,119,-102.568,5.000,desc,4,4.2453,2.6166,-0.1401,0.0863,1
2026-06-19 12:54:14.089278,120,-89.291,5.000,asc,0,3.5252,3.5252,-0.1163,0.1163,1
2026-06-19 12:54:16.083568,121,-89.291,10.000,asc,0,7.0503,7.0503,-0.2327,0.2327,1
2026-06-19 12:54:18.082741,122,-89.291,15.000,asc,0,10.5755,10.5755,-0.3490,0.3490,1
2026-06-19 12:54:20.083341,123,-89.291,24.000,asc,0,16.9207,16.9207,-0.5584,0.5584,1
2026-06-19 12:54:22.083524,124,-89.291,24.000,desc,0,16.9207,16.9207,-0.5584,0.5584,1
2026-06-19 12:54:24.082881,125,-89.291,15.000,desc,0,10.5755,10.5755,-0.3490,0.3490,1
2026-06-19 12:54:26.084047,126,-89.291,10.000,desc,0,7.0503,7.0503,-0.2327,0.2327,1
2026-06-19 12:54:28.082893,127,-89.291,5.000,desc,0,3.5252,3.5252,-0.1163,0.1163,1
2026-06-19 12:54:30.083319,128,-89.291,5.000,asc,1,3.5252,3.5252,-0.1163,0.1163,1
2026-06-19 12:54:32.083510,129,-89.291,10.000,asc,1,7.0503,7.0503,-0.2327,0.2327,1
2026-06-19 12:54:34.083105,130,-89.291,15.000,asc,1,10.5755,10.5755,-0.3490,0.3490,1
2026-06-19 12:54:36.086906,131,-89.291,24.000,asc,1,16.9207,16.9207,-0.5584,0.5584,1
2026-06-19 12:54:38.082870,132,-89.291,24.000,desc,1,16.9207,16.9207,-0.5584,0.5584,1
2026-06-19 12:54:40.085153,133,-89.291,15.000,desc,1,10.5755,10.5755,-0.3490,0.3490,1
2026-06-19 12:54:42.083548,134,-89.291,10.000,desc,1,7.0503,7.0503,-0.2327,0.2327,1
2026-06-19 12:54:44.083265,135,-89.291,5.000,desc,1,3.5252,3.5252,-0.1163,0.1163,1
2026-06-19 12:54:46.083994,136,-89.291,5.000,asc,2,3.5252,3.5252,-0.1163,0.1163,1
2026-06-19 12:54:48.087589,137,-89.291,10.000,asc,2,7.0503,7.0503,-0.2327,0.2327,1
2026-06-19 12:54:50.083847,138,-89.291,15.000,asc,2,10.5755,10.5755,-0.3490,0.3490,1
2026-06-19 12:54:52.083550,139,-89.291,24.000,asc,2,16.9207,16.9207,-0.5584,0.5584,1
2026-06-19 12:54:54.086302,140,-89.291,24.000,desc,2,16.9207,16.9207,-0.5584,0.5584,1
2026-06-19 12:54:56.084033,141,-89.291,15.000,desc,2,10.5755,10.5755,-0.3490,0.3490,1
2026-06-19 12:54:58.083736,142,-89.291,10.000,desc,2,7.0503,7.0503,-0.2327,0.2327,1
2026-06-19 12:55:00.086059,143,-89.291,5.000,desc,2,3.5252,3.5252,-0.1163,0.1163,1
2026-06-19 12:55:02.083443,144,-89.291,5.000,asc,3,3.5252,3.5252,-0.1163,0.1163,1
2026-06-19 12:55:04.084129,145,-89.291,10.000,asc,3,7.0503,7.0503,-0.2327,0.2327,1
2026-06-19 12:55:06.082972,146,-89.291,15.000,asc,3,10.5755,10.5755,-0.3490,0.3490,1
2026-06-19 12:55:08.083496,147,-89.291,24.000,asc,3,16.9207,16.9207,-0.5584,0.5584,1
2026-06-19 12:55:10.088886,148,-89.291,24.000,desc,3,16.9207,16.9207,-0.5584,0.5584,1
2026-06-19 12:55:12.082928,149,-89.291,15.000,desc,3,10.5755,10.5755,-0.3490,0.3490,1
2026-06-19 12:55:14.089891,150,-89.291,10.000,desc,3,7.0503,7.0503,-0.2327,0.2327,1
2026-06-19 12:55:16.084166,151,-89.291,5.000,desc,3,3.5252,3.5252,-0.1163,0.1163,1
2026-06-19 12:55:18.084090,152,-89.291,5.000,asc,4,3.5252,3.5252,-0.1163,0.1163,1
2026-06-19 12:55:20.083361,153,-89.291,10.000,asc,4,7.0503,7.0503,-0.2327,0.2327,1
2026-06-19 12:55:22.083721,154,-89.291,15.000,asc,4,10.5755,10.5755,-0.3490,0.3490,1
2026-06-19 12:55:24.087808,155,-89.291,24.000,asc,4,16.9207,16.9207,-0.5584,0.5584,1
2026-06-19 12:55:26.083880,156,-89.291,24.000,desc,4,16.9207,16.9207,-0.5584,0.5584,1
2026-06-19 12:55:28.083517,157,-89.291,15.000,desc,4,10.5755,10.5755,-0.3490,0.3490,1
2026-06-19 12:55:30.083440,158,-89.291,10.000,desc,4,7.0503,7.0503,-0.2327,0.2327,1
2026-06-19 12:55:32.089840,159,-89.291,5.000,desc,4,3.5252,3.5252,-0.1163,0.1163,1
2026-06-19 12:55:34.083921,160,-76.014,5.000,asc,0,2.6166,4.2453,-0.0863,0.1401,1
2026-06-19 12:55:36.083443,161,-76.014,10.000,asc,0,5.2331,8.4906,-0.1727,0.2802,1
2026-06-19 12:55:38.084953,162,-76.014,15.000,asc,0,7.8497,12.7359,-0.2590,0.4203,1
2026-06-19 12:55:40.083338,163,-76.014,24.000,asc,0,12.5595,20.3775,-0.4145,0.6725,1
2026-06-19 12:55:42.087989,164,-76.014,24.000,desc,0,12.5595,20.3775,-0.4145,0.6725,1
2026-06-19 12:55:44.084537,165,-76.014,15.000,desc,0,7.8497,12.7359,-0.2590,0.4203,1
2026-06-19 12:55:46.083526,166,-76.014,10.000,desc,0,5.2331,8.4906,-0.1727,0.2802,1
2026-06-19 12:55:48.112770,167,-76.014,5.000,desc,0,2.6166,4.2453,-0.0863,0.1401,1
2026-06-19 12:55:50.086075,168,-76.014,5.000,asc,1,2.6166,4.2453,-0.0863,0.1401,1
2026-06-19 12:55:52.082961,169,-76.014,10.000,asc,1,5.2331,8.4906,-0.1727,0.2802,1
2026-06-19 12:55:54.087630,170,-76.014,15.000,asc,1,7.8497,12.7359,-0.2590,0.4203,1
2026-06-19 12:55:56.082920,171,-76.014,24.000,asc,1,12.5595,20.3775,-0.4145,0.6725,1
2026-06-19 12:55:58.083389,172,-76.014,24.000,desc,1,12.5595,20.3775,-0.4145,0.6725,1
2026-06-19 12:56:00.083105,173,-76.014,15.000,desc,1,7.8497,12.7359,-0.2590,0.4203,1
2026-06-19 12:56:02.083999,174,-76.014,10.000,desc,1,5.2331,8.4906,-0.1727,0.2802,1
2026-06-19 12:56:04.083323,175,-76.014,5.000,desc,1,2.6166,4.2453,-0.0863,0.1401,1
2026-06-19 12:56:06.083570,176,-76.014,5.000,asc,2,2.6166,4.2453,-0.0863,0.1401,1
2026-06-19 12:56:08.083467,177,-76.014,10.000,asc,2,5.2331,8.4906,-0.1727,0.2802,1
2026-06-19 12:56:10.083141,178,-76.014,15.000,asc,2,7.8497,12.7359,-0.2590,0.4203,1
2026-06-19 12:56:12.082771,179,-76.014,24.000,asc,2,12.5595,20.3775,-0.4145,0.6725,1
2026-06-19 12:56:14.082924,180,-76.014,24.000,desc,2,12.5595,20.3775,-0.4145,0.6725,1
2026-06-19 12:56:16.083508,181,-76.014,15.000,desc,2,7.8497,12.7359,-0.2590,0.4203,1
2026-06-19 12:56:18.082977,182,-76.014,10.000,desc,2,5.2331,8.4906,-0.1727,0.2802,1
2026-06-19 12:56:20.083340,183,-76.014,5.000,desc,2,2.6166,4.2453,-0.0863,0.1401,1
2026-06-19 12:56:22.083401,184,-76.014,5.000,asc,3,2.6166,4.2453,-0.0863,0.1401,1
2026-06-19 12:56:24.083461,185,-76.014,10.000,asc,3,5.2331,8.4906,-0.1727,0.2802,1
2026-06-19 12:56:26.083130,186,-76.014,15.000,asc,3,7.8497,12.7359,-0.2590,0.4203,1
2026-06-19 12:56:28.083199,187,-76.014,24.000,asc,3,12.5595,20.3775,-0.4145,0.6725,1
2026-06-19 12:56:30.083514,188,-76.014,24.000,desc,3,12.5595,20.3775,-0.4145,0.6725,1
2026-06-19 12:56:32.082706,189,-76.014,15.000,desc,3,7.8497,12.7359,-0.2590,0.4203,1
2026-06-19 12:56:34.083096,190,-76.014,10.000,desc,3,5.2331,8.4906,-0.1727,0.2802,1
2026-06-19 12:56:36.083385,191,-76.014,5.000,desc,3,2.6166,4.2453,-0.0863,0.1401,1
2026-06-19 12:56:38.083689,192,-76.014,5.000,asc,4,2.6166,4.2453,-0.0863,0.1401,1
2026-06-19 12:56:40.084306,193,-76.014,10.000,asc,4,5.2331,8.4906,-0.1727,0.2802,1
2026-06-19 12:56:42.084550,194,-76.014,15.000,asc,4,7.8497,12.7359,-0.2590,0.4203,1
2026-06-19 12:56:44.083449,195,-76.014,24.000,asc,4,12.5595,20.3775,-0.4145,0.6725,1
2026-06-19 12:56:46.083715,196,-76.014,24.000,desc,4,12.5595,20.3775,-0.4145,0.6725,1
2026-06-19 12:56:48.084254,197,-76.014,15.000,desc,4,7.8497,12.7359,-0.2590,0.4203,1
2026-06-19 12:56:50.084232,198,-76.014,10.000,desc,4,5.2331,8.4906,-0.1727,0.2802,1
2026-06-19 12:56:52.082889,199,-76.014,5.000,desc,4,2.6166,4.2453,-0.0863,0.1401,1
2026-06-19 12:56:54.083519,200,-62.737,5.000,asc,0,1.5681,4.7385,-0.0517,0.1564,1
2026-06-19 12:56:56.083316,201,-62.737,10.000,asc,0,3.1362,9.4770,-0.1035,0.3127,1
2026-06-19 12:56:58.085432,202,-62.737,15.000,asc,0,4.7043,14.2155,-0.1552,0.4691,1
2026-06-19 12:57:00.083181,203,-62.737,24.000,asc,0,7.5268,22.7448,-0.2484,0.7506,1
2026-06-19 12:57:02.082926,204,-62.737,24.000,desc,0,7.5268,22.7448,-0.2484,0.7506,1
2026-06-19 12:57:04.083026,205,-62.737,15.000,desc,0,4.7043,14.2155,-0.1552,0.4691,1
2026-06-19 12:57:06.083722,206,-62.737,10.000,desc,0,3.1362,9.4770,-0.1035,0.3127,1
2026-06-19 12:57:08.083469,207,-62.737,5.000,desc,0,1.5681,4.7385,-0.0517,0.1564,1
2026-06-19 12:57:10.083218,208,-62.737,5.000,asc,1,1.5681,4.7385,-0.0517,0.1564,1
2026-06-19 12:57:12.083815,209,-62.737,10.000,asc,1,3.1362,9.4770,-0.1035,0.3127,1
2026-06-19 12:57:14.083985,210,-62.737,15.000,asc,1,4.7043,14.2155,-0.1552,0.4691,1
2026-06-19 12:57:16.083478,211,-62.737,24.000,asc,1,7.5268,22.7448,-0.2484,0.7506,1
2026-06-19 12:57:18.083368,212,-62.737,24.000,desc,1,7.5268,22.7448,-0.2484,0.7506,1
2026-06-19 12:57:20.082925,213,-62.737,15.000,desc,1,4.7043,14.2155,-0.1552,0.4691,1
2026-06-19 12:57:22.083146,214,-62.737,10.000,desc,1,3.1362,9.4770,-0.1035,0.3127,1
2026-06-19 12:57:24.083176,215,-62.737,5.000,desc,1,1.5681,4.7385,-0.0517,0.1564,1
2026-06-19 12:57:26.083746,216,-62.737,5.000,asc,2,1.5681,4.7385,-0.0517,0.1564,1
2026-06-19 12:57:28.083726,217,-62.737,10.000,asc,2,3.1362,9.4770,-0.1035,0.3127,1
2026-06-19 12:57:30.083572,218,-62.737,15.000,asc,2,4.7043,14.2155,-0.1552,0.4691,1
2026-06-19 12:57:32.083275,219,-62.737,24.000,asc,2,7.5268,22.7448,-0.2484,0.7506,1
2026-06-19 12:57:34.083830,220,-62.737,24.000,desc,2,7.5268,22.7448,-0.2484,0.7506,1
2026-06-19 12:57:36.087302,221,-62.737,15.000,desc,2,4.7043,14.2155,-0.1552,0.4691,1
2026-06-19 12:57:38.084857,222,-62.737,10.000,desc,2,3.1362,9.4770,-0.1035,0.3127,1
2026-06-19 12:57:40.082928,223,-62.737,5.000,desc,2,1.5681,4.7385,-0.0517,0.1564,1
2026-06-19 12:57:42.084095,224,-62.737,5.000,asc,3,1.5681,4.7385,-0.0517,0.1564,1
2026-06-19 12:57:44.083203,225,-62.737,10.000,asc,3,3.1362,9.4770,-0.1035,0.3127,1
2026-06-19 12:57:46.083328,226,-62.737,15.000,asc,3,4.7043,14.2155,-0.1552,0.4691,1
2026-06-19 12:57:48.084353,227,-62.737,24.000,asc,3,7.5268,22.7448,-0.2484,0.7506,1
2026-06-19 12:57:50.083957,228,-62.737,24.000,desc,3,7.5268,22.7448,-0.2484,0.7506,1
2026-06-19 12:57:52.082899,229,-62.737,15.000,desc,3,4.7043,14.2155,-0.1552,0.4691,1
2026-06-19 12:57:54.083075,230,-62.737,10.000,desc,3,3.1362,9.4770,-0.1035,0.3127,1
2026-06-19 12:57:56.082911,231,-62.737,5.000,desc,3,1.5681,4.7385,-0.0517,0.1564,1
2026-06-19 12:57:58.083812,232,-62.737,5.000,asc,4,1.5681,4.7385,-0.0517,0.1564,1
2026-06-19 12:58:00.083027,233,-62.737,10.000,asc,4,3.1362,9.4770,-0.1035,0.3127,1
2026-06-19 12:58:02.083491,234,-62.737,15.000,asc,4,4.7043,14.2155,-0.1552,0.4691,1
2026-06-19 12:58:04.083607,235,-62.737,24.000,asc,4,7.5268,22.7448,-0.2484,0.7506,1
2026-06-19 12:58:06.083466,236,-62.737,24.000,desc,4,7.5268,22.7448,-0.2484,0.7506,1
2026-06-19 12:58:08.084214,237,-62.737,15.000,desc,4,4.7043,14.2155,-0.1552,0.4691,1
2026-06-19 12:58:10.083049,238,-62.737,10.000,desc,4,3.1362,9.4770,-0.1035,0.3127,1
2026-06-19 12:58:12.083006,239,-62.737,5.000,desc,4,1.5681,4.7385,-0.0517,0.1564,1
2026-06-19 12:58:14.083288,240,-49.460,5.000,asc,0,0.4358,4.9784,-0.0144,0.1643,1
2026-06-19 12:58:16.083187,241,-49.460,10.000,asc,0,0.8716,9.9568,-0.0288,0.3286,1
2026-06-19 12:58:18.083908,242,-49.460,15.000,asc,0,1.3074,14.9352,-0.0431,0.4929,1
2026-06-19 12:58:20.083544,243,-49.460,24.000,asc,0,2.0918,23.8963,-0.0690,0.7886,1
2026-06-19 12:58:22.083522,244,-49.460,24.000,desc,0,2.0918,23.8963,-0.0690,0.7886,1
2026-06-19 12:58:24.083090,245,-49.460,15.000,desc,0,1.3074,14.9352,-0.0431,0.4929,1
2026-06-19 12:58:26.083565,246,-49.460,10.000,desc,0,0.8716,9.9568,-0.0288,0.3286,1
2026-06-19 12:58:28.083933,247,-49.460,5.000,desc,0,0.4358,4.9784,-0.0144,0.1643,1
2026-06-19 12:58:30.083117,248,-49.460,5.000,asc,1,0.4358,4.9784,-0.0144,0.1643,1
2026-06-19 12:58:32.083091,249,-49.460,10.000,asc,1,0.8716,9.9568,-0.0288,0.3286,1
2026-06-19 12:58:34.083048,250,-49.460,15.000,asc,1,1.3074,14.9352,-0.0431,0.4929,1
2026-06-19 12:58:36.083443,251,-49.460,24.000,asc,1,2.0918,23.8963,-0.0690,0.7886,1
2026-06-19 12:58:38.084771,252,-49.460,24.000,desc,1,2.0918,23.8963,-0.0690,0.7886,1
2026-06-19 12:58:40.084238,253,-49.460,15.000,desc,1,1.3074,14.9352,-0.0431,0.4929,1
2026-06-19 12:58:42.083442,254,-49.460,10.000,desc,1,0.8716,9.9568,-0.0288,0.3286,1
2026-06-19 12:58:44.083128,255,-49.460,5.000,desc,1,0.4358,4.9784,-0.0144,0.1643,1
2026-06-19 12:58:46.083176,256,-49.460,5.000,asc,2,0.4358,4.9784,-0.0144,0.1643,1
2026-06-19 12:58:48.084812,257,-49.460,10.000,asc,2,0.8716,9.9568,-0.0288,0.3286,1
2026-06-19 12:58:50.083658,258,-49.460,15.000,asc,2,1.3074,14.9352,-0.0431,0.4929,1
2026-06-19 12:58:52.084051,259,-49.460,24.000,asc,2,2.0918,23.8963,-0.0690,0.7886,1
2026-06-19 12:58:54.083576,260,-49.460,24.000,desc,2,2.0918,23.8963,-0.0690,0.7886,1
2026-06-19 12:58:56.082948,261,-49.460,15.000,desc,2,1.3074,14.9352,-0.0431,0.4929,1
2026-06-19 12:58:58.084931,262,-49.460,10.000,desc,2,0.8716,9.9568,-0.0288,0.3286,1
2026-06-19 12:59:00.083646,263,-49.460,5.000,desc,2,0.4358,4.9784,-0.0144,0.1643,1
2026-06-19 12:59:02.083446,264,-49.460,5.000,asc,3,0.4358,4.9784,-0.0144,0.1643,1
2026-06-19 12:59:04.083127,265,-49.460,10.000,asc,3,0.8716,9.9568,-0.0288,0.3286,1
2026-06-19 12:59:06.083329,266,-49.460,15.000,asc,3,1.3074,14.9352,-0.0431,0.4929,1
2026-06-19 12:59:08.083682,267,-49.460,24.000,asc,3,2.0918,23.8963,-0.0690,0.7886,1
2026-06-19 12:59:10.083039,268,-49.460,24.000,desc,3,2.0918,23.8963,-0.0690,0.7886,1
2026-06-19 12:59:12.083313,269,-49.460,15.000,desc,3,1.3074,14.9352,-0.0431,0.4929,1
2026-06-19 12:59:14.083530,270,-49.460,10.000,desc,3,0.8716,9.9568,-0.0288,0.3286,1
2026-06-19 12:59:16.083108,271,-49.460,5.000,desc,3,0.4358,4.9784,-0.0144,0.1643,1
2026-06-19 12:59:18.083916,272,-49.460,5.000,asc,4,0.4358,4.9784,-0.0144,0.1643,1
2026-06-19 12:59:20.083119,273,-49.460,10.000,asc,4,0.8716,9.9568,-0.0288,0.3286,1
2026-06-19 12:59:22.083670,274,-49.460,15.000,asc,4,1.3074,14.9352,-0.0431,0.4929,1
2026-06-19 12:59:24.084044,275,-49.460,24.000,asc,4,2.0918,23.8963,-0.0690,0.7886,1
2026-06-19 12:59:26.083596,276,-49.460,24.000,desc,4,2.0918,23.8963,-0.0690,0.7886,1
2026-06-19 12:59:28.082794,277,-49.460,15.000,desc,4,1.3074,14.9352,-0.0431,0.4929,1
2026-06-19 12:59:30.083577,278,-49.460,10.000,desc,4,0.8716,9.9568,-0.0288,0.3286,1
2026-06-19 12:59:32.083873,279,-49.460,5.000,desc,4,0.4358,4.9784,-0.0144,0.1643,1
